  0
SECTION
  2
HEADER
  9
$ACADVER
  1
AC1024
  9
$ACADMAINTVER
 70
6
  9
$DWGCODEPAGE
  3
ANSI_1252
  9
$LASTSAVEDBY
  1
ezdxf
  9
$INSBASE
 10
0.0
 20
0.0
 30
0.0
  9
$EXTMIN
 10
1e+20
 20
1e+20
 30
1e+20
  9
$EXTMAX
 10
-1e+20
 20
-1e+20
 30
-1e+20
  9
$LIMMIN
 10
0.0
 20
0.0
  9
$LIMMAX
 10
420.0
 20
297.0
  9
$ORTHOMODE
 70
0
  9
$REGENMODE
 70
1
  9
$FILLMODE
 70
1
  9
$QTEXTMODE
 70
0
  9
$MIRRTEXT
 70
1
  9
$LTSCALE
 40
1.0
  9
$ATTMODE
 70
1
  9
$TEXTSIZE
 40
2.5
  9
$TRACEWID
 40
1.0
  9
$TEXTSTYLE
  7
OpenSans
  9
$CLAYER
  8
0
  9
$CELTYPE
  6
ByLayer
  9
$CECOLOR
 62
256
  9
$CELTSCALE
 40
1.0
  9
$DISPSILH
 70
0
  9
$DIMSCALE
 40
1.0
  9
$DIMASZ
 40
0.175
  9
$DIMEXO
 40
0.125
  9
$DIMDLI
 40
3.75
  9
$DIMRND
 40
0.0
  9
$DIMDLE
 40
0.0
  9
$DIMEXE
 40
0.375
  9
$DIMTP
 40
0.0
  9
$DIMTM
 40
0.0
  9
$DIMTXT
 40
0.25
  9
$DIMCEN
 40
2.5
  9
$DIMTSZ
 40
0.0
  9
$DIMTOL
 70
0
  9
$DIMLIM
 70
0
  9
$DIMTIH
 70
0
  9
$DIMTOH
 70
0
  9
$DIMSE1
 70
0
  9
$DIMSE2
 70
0
  9
$DIMTAD
 70
1
  9
$DIMZIN
 70
12
  9
$DIMBLK
  1
ARCHTICK
  9
$DIMASO
 70
1
  9
$DIMSHO
 70
1
  9
$DIMPOST
  1

  9
$DIMAPOST
  1

  9
$DIMALT
 70
0
  9
$DIMALTD
 70
3
  9
$DIMALTF
 40
0.03937007874
  9
$DIMLFAC
 40
100.0
  9
$DIMTOFL
 70
1
  9
$DIMTVP
 40
0.0
  9
$DIMTIX
 70
0
  9
$DIMSOXD
 70
0
  9
$DIMSAH
 70
0
  9
$DIMBLK1
  1

  9
$DIMBLK2
  1

  9
$DIMSTYLE
  2
EZDXF
  9
$DIMCLRD
 70
0
  9
$DIMCLRE
 70
0
  9
$DIMCLRT
 70
0
  9
$DIMTFAC
 40
0.5
  9
$DIMGAP
 40
0.1
  9
$DIMJUST
 70
0
  9
$DIMSD1
 70
0
  9
$DIMSD2
 70
0
  9
$DIMTOLJ
 70
0
  9
$DIMTZIN
 70
8
  9
$DIMALTZ
 70
0
  9
$DIMALTTZ
 70
0
  9
$DIMUPT
 70
1
  9
$DIMDEC
 70
2
  9
$DIMTDEC
 70
2
  9
$DIMALTU
 70
2
  9
$DIMALTTD
 70
3
  9
$DIMTXSTY
  7
OpenSansCondensed-Light
  9
$DIMAUNIT
 70
0
  9
$DIMADEC
 70
2
  9
$DIMALTRND
 40
0.0
  9
$DIMAZIN
 70
3
  9
$DIMDSEP
 70
46
  9
$DIMATFIT
 70
3
  9
$DIMFRAC
 70
0
  9
$DIMLDRBLK
  1

  9
$DIMLUNIT
 70
2
  9
$DIMLWD
 70
-2
  9
$DIMLWE
 70
-2
  9
$DIMTMOVE
 70
2
  9
$DIMFXL
 40
1.0
  9
$DIMFXLON
 70
0
  9
$DIMJOGANG
 40
0.785398163397
  9
$DIMTFILL
 70
0
  9
$DIMTFILLCLR
 70
0
  9
$DIMARCSYM
 70
0
  9
$DIMLTYPE
  6

  9
$DIMLTEX1
  6

  9
$DIMLTEX2
  6

  9
$DIMTXTDIRECTION
 70
0
  9
$LUNITS
 70
2
  9
$LUPREC
 70
4
  9
$SKETCHINC
 40
1.0
  9
$FILLETRAD
 40
10.0
  9
$AUNITS
 70
0
  9
$AUPREC
 70
2
  9
$MENU
  1
.
  9
$ELEVATION
 40
0.0
  9
$PELEVATION
 40
0.0
  9
$THICKNESS
 40
0.0
  9
$LIMCHECK
 70
0
  9
$CHAMFERA
 40
0.0
  9
$CHAMFERB
 40
0.0
  9
$CHAMFERC
 40
0.0
  9
$CHAMFERD
 40
0.0
  9
$SKPOLY
 70
0
  9
$TDCREATE
 40
2461287.6133333333
  9
$TDUCREATE
 40
2458532.153996898
  9
$TDUPDATE
 40
2461287.6133333333
  9
$TDUUPDATE
 40
2458532.1544311
  9
$TDINDWG
 40
0.0
  9
$TDUSRTIMER
 40
0.0
  9
$USRTIMER
 70
1
  9
$ANGBASE
 50
0.0
  9
$ANGDIR
 70
0
  9
$PDMODE
 70
0
  9
$PDSIZE
 40
0.0
  9
$PLINEWID
 40
0.0
  9
$SPLFRAME
 70
0
  9
$SPLINETYPE
 70
6
  9
$SPLINESEGS
 70
8
  9
$HANDSEED
  5
BB
  9
$SURFTAB1
 70
6
  9
$SURFTAB2
 70
6
  9
$SURFTYPE
 70
6
  9
$SURFU
 70
6
  9
$SURFV
 70
6
  9
$UCSBASE
  2

  9
$UCSNAME
  2

  9
$UCSORG
 10
0.0
 20
0.0
 30
0.0
  9
$UCSXDIR
 10
1.0
 20
0.0
 30
0.0
  9
$UCSYDIR
 10
0.0
 20
1.0
 30
0.0
  9
$UCSORTHOREF
  2

  9
$UCSORTHOVIEW
 70
0
  9
$UCSORGTOP
 10
0.0
 20
0.0
 30
0.0
  9
$UCSORGBOTTOM
 10
0.0
 20
0.0
 30
0.0
  9
$UCSORGLEFT
 10
0.0
 20
0.0
 30
0.0
  9
$UCSORGRIGHT
 10
0.0
 20
0.0
 30
0.0
  9
$UCSORGFRONT
 10
0.0
 20
0.0
 30
0.0
  9
$UCSORGBACK
 10
0.0
 20
0.0
 30
0.0
  9
$PUCSBASE
  2

  9
$PUCSNAME
  2

  9
$PUCSORG
 10
0.0
 20
0.0
 30
0.0
  9
$PUCSXDIR
 10
1.0
 20
0.0
 30
0.0
  9
$PUCSYDIR
 10
0.0
 20
1.0
 30
0.0
  9
$PUCSORTHOREF
  2

  9
$PUCSORTHOVIEW
 70
0
  9
$PUCSORGTOP
 10
0.0
 20
0.0
 30
0.0
  9
$PUCSORGBOTTOM
 10
0.0
 20
0.0
 30
0.0
  9
$PUCSORGLEFT
 10
0.0
 20
0.0
 30
0.0
  9
$PUCSORGRIGHT
 10
0.0
 20
0.0
 30
0.0
  9
$PUCSORGFRONT
 10
0.0
 20
0.0
 30
0.0
  9
$PUCSORGBACK
 10
0.0
 20
0.0
 30
0.0
  9
$USERI1
 70
0
  9
$USERI2
 70
0
  9
$USERI3
 70
0
  9
$USERI4
 70
0
  9
$USERI5
 70
0
  9
$USERR1
 40
0.0
  9
$USERR2
 40
0.0
  9
$USERR3
 40
0.0
  9
$USERR4
 40
0.0
  9
$USERR5
 40
0.0
  9
$WORLDVIEW
 70
1
  9
$SHADEDGE
 70
3
  9
$SHADEDIF
 70
70
  9
$TILEMODE
 70
1
  9
$MAXACTVP
 70
64
  9
$PINSBASE
 10
0.0
 20
0.0
 30
0.0
  9
$PLIMCHECK
 70
0
  9
$PEXTMIN
 10
1e+20
 20
1e+20
 30
1e+20
  9
$PEXTMAX
 10
-1e+20
 20
-1e+20
 30
-1e+20
  9
$PLIMMIN
 10
0.0
 20
0.0
  9
$PLIMMAX
 10
420.0
 20
297.0
  9
$UNITMODE
 70
0
  9
$VISRETAIN
 70
1
  9
$PLINEGEN
 70
0
  9
$PSLTSCALE
 70
1
  9
$TREEDEPTH
 70
3020
  9
$CMLSTYLE
  2
Standard
  9
$CMLJUST
 70
0
  9
$CMLSCALE
 40
20.0
  9
$PROXYGRAPHICS
 70
1
  9
$MEASUREMENT
 70
1
  9
$CELWEIGHT
370
-1
  9
$ENDCAPS
280
0
  9
$JOINSTYLE
280
0
  9
$LWDISPLAY
290
0
  9
$INSUNITS
 70
6
  9
$HYPERLINKBASE
  1

  9
$STYLESHEET
  1

  9
$XEDIT
290
1
  9
$CEPSNTYPE
380
0
  9
$PSTYLEMODE
290
1
  9
$FINGERPRINTGUID
  2
{60C6FED4-2C03-4A08-9BE4-6356D494DC4E}
  9
$VERSIONGUID
  2
{5D4B8220-EA69-439F-91A4-0A725F4E204F}
  9
$EXTNAMES
290
1
  9
$PSVPSCALE
 40
0.0
  9
$OLESTARTUP
290
0
  9
$SORTENTS
280
127
  9
$INDEXCTL
280
0
  9
$HIDETEXT
280
1
  9
$XCLIPFRAME
280
1
  9
$HALOGAP
280
0
  9
$OBSCOLOR
 70
257
  9
$OBSLTYPE
280
0
  9
$INTERSECTIONDISPLAY
280
0
  9
$INTERSECTIONCOLOR
 70
257
  9
$DIMASSOC
280
2
  9
$PROJECTNAME
  1

  9
$CAMERADISPLAY
290
0
  9
$LENSLENGTH
 40
50.0
  9
$CAMERAHEIGHT
 40
0.0
  9
$STEPSPERSEC
 40
24.0
  9
$STEPSIZE
 40
100.0
  9
$3DDWFPREC
 40
2.0
  9
$PSOLWIDTH
 40
0.005
  9
$PSOLHEIGHT
 40
0.08
  9
$LOFTANG1
 40
1.570796326795
  9
$LOFTANG2
 40
1.570796326795
  9
$LOFTMAG1
 40
0.0
  9
$LOFTMAG2
 40
0.0
  9
$LOFTPARAM
 70
7
  9
$LOFTNORMALS
280
1
  9
$LATITUDE
 40
37.795
  9
$LONGITUDE
 40
-122.394
  9
$NORTHDIRECTION
 40
0.0
  9
$TIMEZONE
 70
-8000
  9
$LIGHTGLYPHDISPLAY
280
1
  9
$TILEMODELIGHTSYNCH
280
1
  9
$CMATERIAL
347
20
  9
$SOLIDHIST
280
0
  9
$SHOWHIST
280
1
  9
$DWFFRAME
280
2
  9
$DGNFRAME
280
2
  9
$REALWORLDSCALE
290
1
  9
$INTERFERECOLOR
 62
256
  9
$CSHADOW
280
0
  9
$SHADOWPLANELOCATION
 40
0.0
  0
ENDSEC
  0
SECTION
  2
CLASSES
  0
CLASS
  1
ACDBDICTIONARYWDFLT
  2
AcDbDictionaryWithDefault
  3
ObjectDBX Classes
 90
0
 91
0
280
0
281
0
  0
CLASS
  1
SUN
  2
AcDbSun
  3
SCENEOE
 90
1153
 91
0
280
0
281
0
  0
CLASS
  1
VISUALSTYLE
  2
AcDbVisualStyle
  3
ObjectDBX Classes
 90
4095
 91
0
280
0
281
0
  0
CLASS
  1
MATERIAL
  2
AcDbMaterial
  3
ObjectDBX Classes
 90
1153
 91
0
280
0
281
0
  0
CLASS
  1
SCALE
  2
AcDbScale
  3
ObjectDBX Classes
 90
1153
 91
0
280
0
281
0
  0
CLASS
  1
TABLESTYLE
  2
AcDbTableStyle
  3
ObjectDBX Classes
 90
4095
 91
0
280
0
281
0
  0
CLASS
  1
MLEADERSTYLE
  2
AcDbMLeaderStyle
  3
ACDB_MLEADERSTYLE_CLASS
 90
4095
 91
0
280
0
281
0
  0
CLASS
  1
DICTIONARYVAR
  2
AcDbDictionaryVar
  3
ObjectDBX Classes
 90
0
 91
0
280
0
281
0
  0
CLASS
  1
CELLSTYLEMAP
  2
AcDbCellStyleMap
  3
ObjectDBX Classes
 90
1152
 91
0
280
0
281
0
  0
CLASS
  1
MENTALRAYRENDERSETTINGS
  2
AcDbMentalRayRenderSettings
  3
SCENEOE
 90
1024
 91
0
280
0
281
0
  0
CLASS
  1
ACDBDETAILVIEWSTYLE
  2
AcDbDetailViewStyle
  3
ObjectDBX Classes
 90
1025
 91
0
280
0
281
0
  0
CLASS
  1
ACDBSECTIONVIEWSTYLE
  2
AcDbSectionViewStyle
  3
ObjectDBX Classes
 90
1025
 91
0
280
0
281
0
  0
CLASS
  1
RASTERVARIABLES
  2
AcDbRasterVariables
  3
ISM
 90
0
 91
0
280
0
281
0
  0
CLASS
  1
LAYOUT
  2
AcDbLayout
  3
ObjectDBX Classes
 90
0
 91
0
280
0
281
0
  0
CLASS
  1
ACDBPLACEHOLDER
  2
AcDbPlaceHolder
  3
ObjectDBX Classes
 90
0
 91
0
280
0
281
0
  0
ENDSEC
  0
SECTION
  2
TABLES
  0
TABLE
  2
VPORT
  5
8
330
0
100
AcDbSymbolTable
 70
1
  0
VPORT
  5
23
330
8
100
AcDbSymbolTableRecord
100
AcDbViewportTableRecord
  2
*Active
 70
0
 10
0.0
 20
0.0
 11
1.0
 21
1.0
 12
0.0
 22
0.0
 13
0.0
 23
0.0
 14
0.5
 24
0.5
 15
0.5
 25
0.5
 16
0.0
 26
0.0
 36
1.0
 17
0.0
 27
0.0
 37
0.0
 40
1000.0
 41
1.34
 42
50.0
 43
0.0
 44
0.0
 50
0.0
 51
0.0
 71
0
 72
1000
 73
1
 74
3
 75
0
 76
0
 77
0
 78
0
281
0
 65
0
146
0.0
  0
ENDTAB
  0
TABLE
  2
LTYPE
  5
2
330
0
100
AcDbSymbolTable
 70
21
  0
LTYPE
  5
24
330
2
100
AcDbSymbolTableRecord
100
AcDbLinetypeTableRecord
  2
ByBlock
 70
0
  3

 72
65
 73
0
 40
0.0
  0
LTYPE
  5
25
330
2
100
AcDbSymbolTableRecord
100
AcDbLinetypeTableRecord
  2
ByLayer
 70
0
  3

 72
65
 73
0
 40
0.0
  0
LTYPE
  5
26
330
2
100
AcDbSymbolTableRecord
100
AcDbLinetypeTableRecord
  2
Continuous
 70
0
  3

 72
65
 73
0
 40
0.0
  0
LTYPE
  5
2F
330
2
100
AcDbSymbolTableRecord
100
AcDbLinetypeTableRecord
  2
CENTER
 70
0
  3
Center ____ _ ____ _ ____ _ ____ _ ____ _ ____
 72
65
 73
4
 40
5.08
 49
3.175
 74
0
 49
-0.635
 74
0
 49
0.635
 74
0
 49
-0.635
 74
0
  0
LTYPE
  5
30
330
2
100
AcDbSymbolTableRecord
100
AcDbLinetypeTableRecord
  2
CENTERX2
 70
0
  3
Center (2x) ________  __  ________  __  ________
 72
65
 73
4
 40
8.89
 49
6.35
 74
0
 49
-0.635
 74
0
 49
1.27
 74
0
 49
-0.635
 74
0
  0
LTYPE
  5
31
330
2
100
AcDbSymbolTableRecord
100
AcDbLinetypeTableRecord
  2
CENTER2
 70
0
  3
Center (.5x) ____ _ ____ _ ____ _ ____ _ ____
 72
65
 73
4
 40
2.54
 49
1.587
 74
0
 49
-0.318
 74
0
 49
0.318
 74
0
 49
-0.318
 74
0
  0
LTYPE
  5
32
330
2
100
AcDbSymbolTableRecord
100
AcDbLinetypeTableRecord
  2
DASHED
 70
0
  3
Dashed __ __ __ __ __ __ __ __ __ __ __ __ __ _
 72
65
 73
2
 40
1.524
 49
1.27
 74
0
 49
-0.254
 74
0
  0
LTYPE
  5
33
330
2
100
AcDbSymbolTableRecord
100
AcDbLinetypeTableRecord
  2
DASHEDX2
 70
0
  3
Dashed (2x) ____  ____  ____  ____  ____  ____
 72
65
 73
2
 40
3.048
 49
2.54
 74
0
 49
-0.508
 74
0
  0
LTYPE
  5
34
330
2
100
AcDbSymbolTableRecord
100
AcDbLinetypeTableRecord
  2
DASHED2
 70
0
  3
Dashed (.5x) _ _ _ _ _ _ _ _ _ _ _ _ _ _
 72
65
 73
2
 40
0.762
 49
0.635
 74
0
 49
-0.127
 74
0
  0
LTYPE
  5
35
330
2
100
AcDbSymbolTableRecord
100
AcDbLinetypeTableRecord
  2
PHANTOM
 70
0
  3
Phantom ______  __  __  ______  __  __  ______
 72
65
 73
6
 40
6.35
 49
3.175
 74
0
 49
-0.635
 74
0
 49
0.635
 74
0
 49
-0.635
 74
0
 49
0.635
 74
0
 49
-0.635
 74
0
  0
LTYPE
  5
36
330
2
100
AcDbSymbolTableRecord
100
AcDbLinetypeTableRecord
  2
PHANTOMX2
 70
0
  3
Phantom (2x)____________    ____    ____    ____________
 72
65
 73
6
 40
10.795
 49
6.35
 74
0
 49
-0.635
 74
0
 49
1.27
 74
0
 49
-0.635
 74
0
 49
1.27
 74
0
 49
-0.635
 74
0
  0
LTYPE
  5
37
330
2
100
AcDbSymbolTableRecord
100
AcDbLinetypeTableRecord
  2
PHANTOM2
 70
0
  3
Phantom (.5x) ___ _ _ ___ _ _ ___ _ _ ___ _ _ ___
 72
65
 73
6
 40
3.175
 49
1.587
 74
0
 49
-0.318
 74
0
 49
0.318
 74
0
 49
-0.318
 74
0
 49
0.318
 74
0
 49
-0.318
 74
0
  0
LTYPE
  5
38
330
2
100
AcDbSymbolTableRecord
100
AcDbLinetypeTableRecord
  2
DASHDOT
 70
0
  3
Dash dot __ . __ . __ . __ . __ . __ . __ . __
 72
65
 73
4
 40
3.556
 49
2.54
 74
0
 49
-0.508
 74
0
 49
0.0
 74
0
 49
-0.508
 74
0
  0
LTYPE
  5
39
330
2
100
AcDbSymbolTableRecord
100
AcDbLinetypeTableRecord
  2
DASHDOTX2
 70
0
  3
Dash dot (2x) ____  .  ____  .  ____  .  ____
 72
65
 73
4
 40
6.096
 49
5.08
 74
0
 49
-0.508
 74
0
 49
0.0
 74
0
 49
-0.508
 74
0
  0
LTYPE
  5
3A
330
2
100
AcDbSymbolTableRecord
100
AcDbLinetypeTableRecord
  2
DASHDOT2
 70
0
  3
Dash dot (.5x) _ . _ . _ . _ . _ . _ . _ . _
 72
65
 73
4
 40
1.778
 49
1.27
 74
0
 49
-0.254
 74
0
 49
0.0
 74
0
 49
-0.254
 74
0
  0
LTYPE
  5
3B
330
2
100
AcDbSymbolTableRecord
100
AcDbLinetypeTableRecord
  2
DOT
 70
0
  3
Dot .  .  .  .  .  .  .  .  .  .  .  .  .  .  .  .
 72
65
 73
2
 40
0.508
 49
0.0
 74
0
 49
-0.508
 74
0
  0
LTYPE
  5
3C
330
2
100
AcDbSymbolTableRecord
100
AcDbLinetypeTableRecord
  2
DOTX2
 70
0
  3
Dot (2x) .    .    .    .    .    .    .    . 
 72
65
 73
2
 40
1.016
 49
0.0
 74
0
 49
-1.016
 74
0
  0
LTYPE
  5
3D
330
2
100
AcDbSymbolTableRecord
100
AcDbLinetypeTableRecord
  2
DOT2
 70
0
  3
Dot (.5) . . . . . . . . . . . . . . . . . . . 
 72
65
 73
2
 40
0.254
 49
0.0
 74
0
 49
-0.254
 74
0
  0
LTYPE
  5
3E
330
2
100
AcDbSymbolTableRecord
100
AcDbLinetypeTableRecord
  2
DIVIDE
 70
0
  3
Divide __ . . __ . . __ . . __ . . __ . . __
 72
65
 73
6
 40
4.064
 49
2.54
 74
0
 49
-0.508
 74
0
 49
0.0
 74
0
 49
-0.508
 74
0
 49
0.0
 74
0
 49
-0.508
 74
0
  0
LTYPE
  5
3F
330
2
100
AcDbSymbolTableRecord
100
AcDbLinetypeTableRecord
  2
DIVIDEX2
 70
0
  3
Divide (2x) ____  . .  ____  . .  ____  . .  ____
 72
65
 73
6
 40
6.604
 49
5.08
 74
0
 49
-0.508
 74
0
 49
0.0
 74
0
 49
-0.508
 74
0
 49
0.0
 74
0
 49
-0.508
 74
0
  0
LTYPE
  5
40
330
2
100
AcDbSymbolTableRecord
100
AcDbLinetypeTableRecord
  2
DIVIDE2
 70
0
  3
Divide(.5x) _ . _ . _ . _ . _ . _ . _ . _
 72
65
 73
6
 40
2.032
 49
1.27
 74
0
 49
-0.254
 74
0
 49
0.0
 74
0
 49
-0.254
 74
0
 49
0.0
 74
0
 49
-0.254
 74
0
  0
ENDTAB
  0
TABLE
  2
LAYER
  5
1
330
0
100
AcDbSymbolTable
 70
5
  0
LAYER
  5
27
330
1
100
AcDbSymbolTableRecord
100
AcDbLayerTableRecord
  2
0
 70
0
 62
7
  6
Continuous
370
-3
390
13
347
21
  0
LAYER
  5
28
330
1
100
AcDbSymbolTableRecord
100
AcDbLayerTableRecord
  2
Defpoints
 70
0
 62
7
  6
Continuous
290
0
370
-3
390
13
347
21
  0
LAYER
  5
A1
330
1
100
AcDbSymbolTableRecord
100
AcDbLayerTableRecord
  2
00-BASE-UE
 70
0
 62
42
  6
DASHED
370
25
390
13
347
21
  0
LAYER
  5
A2
330
1
100
AcDbSymbolTableRecord
100
AcDbLayerTableRecord
  2
40-ROT-UE
 70
0
 62
7
  6
CONTINUOUS
370
25
390
13
347
21
  0
LAYER
  5
A3
330
1
100
AcDbSymbolTableRecord
100
AcDbLayerTableRecord
  2
00-BASE-LIMITE
 70
0
 62
7
  6
DASHED
370
50
390
13
347
21
  0
ENDTAB
  0
TABLE
  2
STYLE
  5
5
330
0
100
AcDbSymbolTable
 70
26
  0
STYLE
  5
29
330
5
100
AcDbSymbolTableRecord
100
AcDbTextStyleTableRecord
  2
Standard
 70
0
 40
0.0
 41
1.0
 50
0.0
 71
0
 42
2.5
  3
txt
  4

  0
STYLE
  5
41
330
5
100
AcDbSymbolTableRecord
100
AcDbTextStyleTableRecord
  2
OpenSans-Light
 70
0
 40
0.0
 41
1.0
 50
0.0
 71
0
 42
2.5
  3
OpenSans-Light.ttf
  4

  0
STYLE
  5
42
330
5
100
AcDbSymbolTableRecord
100
AcDbTextStyleTableRecord
  2
OpenSans-Light-Italic
 70
0
 40
0.0
 41
1.0
 50
0.0
 71
0
 42
2.5
  3
OpenSans-LightItalic.ttf
  4

  0
STYLE
  5
43
330
5
100
AcDbSymbolTableRecord
100
AcDbTextStyleTableRecord
  2
OpenSans
 70
0
 40
0.0
 41
1.0
 50
0.0
 71
0
 42
2.5
  3
OpenSans-Regular.ttf
  4

  0
STYLE
  5
44
330
5
100
AcDbSymbolTableRecord
100
AcDbTextStyleTableRecord
  2
OpenSans-Italic
 70
0
 40
0.0
 41
1.0
 50
0.0
 71
0
 42
2.5
  3
OpenSans-Italic.ttf
  4

  0
STYLE
  5
45
330
5
100
AcDbSymbolTableRecord
100
AcDbTextStyleTableRecord
  2
OpenSans-SemiBold
 70
0
 40
0.0
 41
1.0
 50
0.0
 71
0
 42
2.5
  3
OpenSans-SemiBold.ttf
  4

  0
STYLE
  5
46
330
5
100
AcDbSymbolTableRecord
100
AcDbTextStyleTableRecord
  2
OpenSans-SemiBoldItalic
 70
0
 40
0.0
 41
1.0
 50
0.0
 71
0
 42
2.5
  3
OpenSans-SemiBoldItalic.ttf
  4

  0
STYLE
  5
47
330
5
100
AcDbSymbolTableRecord
100
AcDbTextStyleTableRecord
  2
OpenSans-Bold
 70
0
 40
0.0
 41
1.0
 50
0.0
 71
0
 42
2.5
  3
OpenSans-Bold.ttf
  4

  0
STYLE
  5
48
330
5
100
AcDbSymbolTableRecord
100
AcDbTextStyleTableRecord
  2
OpenSans-BoldItalic
 70
0
 40
0.0
 41
1.0
 50
0.0
 71
0
 42
2.5
  3
OpenSans-BoldItalic.ttf
  4

  0
STYLE
  5
49
330
5
100
AcDbSymbolTableRecord
100
AcDbTextStyleTableRecord
  2
OpenSans-ExtraBold
 70
0
 40
0.0
 41
1.0
 50
0.0
 71
0
 42
2.5
  3
OpenSans-ExtraBold.ttf
  4

  0
STYLE
  5
4A
330
5
100
AcDbSymbolTableRecord
100
AcDbTextStyleTableRecord
  2
OpenSans-ExtraBoldItalic
 70
0
 40
0.0
 41
1.0
 50
0.0
 71
0
 42
2.5
  3
OpenSans-ExtraBoldItalic.ttf
  4

  0
STYLE
  5
4B
330
5
100
AcDbSymbolTableRecord
100
AcDbTextStyleTableRecord
  2
OpenSansCondensed-Bold
 70
0
 40
0.0
 41
1.0
 50
0.0
 71
0
 42
2.5
  3
OpenSansCondensed-Bold.ttf
  4

  0
STYLE
  5
4C
330
5
100
AcDbSymbolTableRecord
100
AcDbTextStyleTableRecord
  2
OpenSansCondensed-Light
 70
0
 40
0.0
 41
1.0
 50
0.0
 71
0
 42
2.5
  3
OpenSansCondensed-Light.ttf
  4

  0
STYLE
  5
4D
330
5
100
AcDbSymbolTableRecord
100
AcDbTextStyleTableRecord
  2
OpenSansCondensed-Italic
 70
0
 40
0.0
 41
1.0
 50
0.0
 71
0
 42
2.5
  3
OpenSansCondensed-LightItalic.ttf
  4

  0
STYLE
  5
4E
330
5
100
AcDbSymbolTableRecord
100
AcDbTextStyleTableRecord
  2
LiberationSans
 70
0
 40
0.0
 41
1.0
 50
0.0
 71
0
 42
2.5
  3
LiberationSans-Regular.ttf
  4

  0
STYLE
  5
4F
330
5
100
AcDbSymbolTableRecord
100
AcDbTextStyleTableRecord
  2
LiberationSans-Bold
 70
0
 40
0.0
 41
1.0
 50
0.0
 71
0
 42
2.5
  3
LiberationSans-Bold.ttf
  4

  0
STYLE
  5
50
330
5
100
AcDbSymbolTableRecord
100
AcDbTextStyleTableRecord
  2
LiberationSans-BoldItalic
 70
0
 40
0.0
 41
1.0
 50
0.0
 71
0
 42
2.5
  3
LiberationSans-BoldItalic.ttf
  4

  0
STYLE
  5
51
330
5
100
AcDbSymbolTableRecord
100
AcDbTextStyleTableRecord
  2
LiberationSans-Italic
 70
0
 40
0.0
 41
1.0
 50
0.0
 71
0
 42
2.5
  3
LiberationSans-Italic.ttf
  4

  0
STYLE
  5
52
330
5
100
AcDbSymbolTableRecord
100
AcDbTextStyleTableRecord
  2
LiberationSerif
 70
0
 40
0.0
 41
1.0
 50
0.0
 71
0
 42
2.5
  3
LiberationSerif-Regular.ttf
  4

  0
STYLE
  5
53
330
5
100
AcDbSymbolTableRecord
100
AcDbTextStyleTableRecord
  2
LiberationSerif-Bold
 70
0
 40
0.0
 41
1.0
 50
0.0
 71
0
 42
2.5
  3
LiberationSerif-Bold.ttf
  4

  0
STYLE
  5
54
330
5
100
AcDbSymbolTableRecord
100
AcDbTextStyleTableRecord
  2
LiberationSerif-BoldItalic
 70
0
 40
0.0
 41
1.0
 50
0.0
 71
0
 42
2.5
  3
LiberationSerif-BoldItalic.ttf
  4

  0
STYLE
  5
55
330
5
100
AcDbSymbolTableRecord
100
AcDbTextStyleTableRecord
  2
LiberationSerif-Italic
 70
0
 40
0.0
 41
1.0
 50
0.0
 71
0
 42
2.5
  3
LiberationSerif-Italic.ttf
  4

  0
STYLE
  5
56
330
5
100
AcDbSymbolTableRecord
100
AcDbTextStyleTableRecord
  2
LiberationMono
 70
0
 40
0.0
 41
1.0
 50
0.0
 71
0
 42
2.5
  3
LiberationMono-Regular.ttf
  4

  0
STYLE
  5
57
330
5
100
AcDbSymbolTableRecord
100
AcDbTextStyleTableRecord
  2
LiberationMono-Bold
 70
0
 40
0.0
 41
1.0
 50
0.0
 71
0
 42
2.5
  3
LiberationMono-Bold.ttf
  4

  0
STYLE
  5
58
330
5
100
AcDbSymbolTableRecord
100
AcDbTextStyleTableRecord
  2
LiberationMono-BoldItalic
 70
0
 40
0.0
 41
1.0
 50
0.0
 71
0
 42
2.5
  3
LiberationMono-BoldItalic.ttf
  4

  0
STYLE
  5
59
330
5
100
AcDbSymbolTableRecord
100
AcDbTextStyleTableRecord
  2
LiberationMono-Italic
 70
0
 40
0.0
 41
1.0
 50
0.0
 71
0
 42
2.5
  3
LiberationMono-Italic.ttf
  4

  0
ENDTAB
  0
TABLE
  2
VIEW
  5
7
330
0
100
AcDbSymbolTable
 70
0
  0
ENDTAB
  0
TABLE
  2
UCS
  5
6
330
0
100
AcDbSymbolTable
 70
0
  0
ENDTAB
  0
TABLE
  2
APPID
  5
3
330
0
100
AcDbSymbolTable
 70
3
  0
APPID
  5
2A
330
3
100
AcDbSymbolTableRecord
100
AcDbRegAppTableRecord
  2
ACAD
 70
0
  0
APPID
  5
A4
330
3
100
AcDbSymbolTableRecord
100
AcDbRegAppTableRecord
  2
HATCHBACKGROUNDCOLOR
 70
0
  0
APPID
  5
A5
330
3
100
AcDbSymbolTableRecord
100
AcDbRegAppTableRecord
  2
EZDXF
 70
0
  0
ENDTAB
  0
TABLE
  2
DIMSTYLE
  5
4
330
0
100
AcDbSymbolTable
 70
12
100
AcDbDimStyleTable
  0
DIMSTYLE
105
2B
330
4
100
AcDbSymbolTableRecord
100
AcDbDimStyleTableRecord
  2
Standard
 70
0
 40
1.0
 41
2.5
 42
0.625
 43
3.75
 44
1.25
 45
0.0
 46
0.0
 47
0.0
 48
0.0
 49
2.5
140
2.5
141
2.5
142
0.0
143
0.03937007874
144
1.0
145
0.0
146
1.0
147
0.625
148
0.0
 69
0
 70
0
 71
0
 72
0
 73
0
 74
0
 75
0
 76
0
 77
1
 78
8
 79
3
170
0
171
3
172
1
173
0
174
0
175
0
176
0
177
0
178
0
179
2
271
2
272
2
273
2
274
3
275
0
276
0
277
2
278
44
279
0
280
0
281
0
282
0
283
0
284
8
285
0
286
0
288
0
289
3
290
0
371
-2
372
-2
  0
DIMSTYLE
105
73
330
4
100
AcDbSymbolTableRecord
100
AcDbDimStyleTableRecord
  2
EZDXF
 70
0
 40
1.0
 41
0.175
 42
0.125
 43
3.75
 44
0.375
 45
0.0
 46
0.0
 47
0.0
 48
0.0
 49
2.5
140
0.25
141
2.5
142
0.0
143
0.03937007874
144
100.0
145
0.0
146
0.5
147
0.1
148
0.0
 69
0
 70
0
 71
0
 72
0
 73
0
 74
0
 75
0
 76
0
 77
1
 78
12
 79
3
170
0
171
3
172
1
173
0
174
0
175
0
176
0
177
0
178
0
179
2
271
2
272
2
273
2
274
3
275
0
276
0
277
2
278
46
279
2
280
0
281
0
282
0
283
0
284
8
285
0
286
0
288
1
289
3
290
0
340
4C
342
74
371
-2
372
-2
  0
DIMSTYLE
105
7C
330
4
100
AcDbSymbolTableRecord
100
AcDbDimStyleTableRecord
  2
EZ_M_100_H25_CM
 70
0
 40
1.0
 41
0.25
 42
0.125
 43
3.75
 44
0.375
 45
0.0
 46
0.0
 47
0.0
 48
0.0
 49
2.5
140
0.25
141
2.5
142
0.125
143
0.03937007874
144
100.0
145
0.0
146
0.5
147
0.1
148
0.0
 69
0
 70
0
 71
0
 72
0
 73
0
 74
0
 75
0
 76
0
 77
1
 78
12
 79
3
170
0
171
3
172
1
173
0
174
0
175
0
176
0
177
0
178
0
179
2
271
2
272
2
273
2
274
3
275
0
276
0
277
2
278
46
279
2
280
0
281
0
282
0
283
0
284
8
285
0
286
0
288
1
289
3
290
0
340
4C
371
-2
372
-2
  0
DIMSTYLE
105
7D
330
4
100
AcDbSymbolTableRecord
100
AcDbDimStyleTableRecord
  2
EZ_M_50_H25_CM
 70
0
 40
1.0
 41
0.125
 42
0.0625
 43
3.75
 44
0.1875
 45
0.0
 46
0.0
 47
0.0
 48
0.0
 49
2.5
140
0.125
141
2.5
142
0.0625
143
0.03937007874
144
100.0
145
0.0
146
0.5
147
0.05
148
0.0
 69
0
 70
0
 71
0
 72
0
 73
0
 74
0
 75
0
 76
0
 77
1
 78
12
 79
3
170
0
171
3
172
1
173
0
174
0
175
0
176
0
177
0
178
0
179
2
271
2
272
2
273
2
274
3
275
0
276
0
277
2
278
46
279
2
280
0
281
0
282
0
283
0
284
8
285
0
286
0
288
1
289
3
290
0
340
4C
371
-2
372
-2
  0
DIMSTYLE
105
7E
330
4
100
AcDbSymbolTableRecord
100
AcDbDimStyleTableRecord
  2
EZ_M_25_H25_CM
 70
0
 40
1.0
 41
0.0625
 42
0.03125
 43
3.75
 44
0.09375
 45
0.0
 46
0.0
 47
0.0
 48
0.0
 49
2.5
140
0.0625
141
2.5
142
0.03125
143
0.03937007874
144
100.0
145
0.0
146
0.5
147
0.025
148
0.0
 69
0
 70
0
 71
0
 72
0
 73
0
 74
0
 75
0
 76
0
 77
1
 78
12
 79
3
170
0
171
3
172
1
173
0
174
0
175
0
176
0
177
0
178
0
179
2
271
2
272
2
273
2
274
3
275
0
276
0
277
2
278
46
279
2
280
0
281
0
282
0
283
0
284
8
285
0
286
0
288
1
289
3
290
0
340
4C
371
-2
372
-2
  0
DIMSTYLE
105
7F
330
4
100
AcDbSymbolTableRecord
100
AcDbDimStyleTableRecord
  2
EZ_M_20_H25_CM
 70
0
 40
1.0
 41
0.05
 42
0.025
 43
3.75
 44
0.07500000000000001
 45
0.0
 46
0.0
 47
0.0
 48
0.0
 49
2.5
140
0.05
141
2.5
142
0.025
143
0.03937007874
144
100.0
145
0.0
146
0.5
147
0.020000000000000004
148
0.0
 69
0
 70
0
 71
0
 72
0
 73
0
 74
0
 75
0
 76
0
 77
1
 78
12
 79
3
170
0
171
3
172
1
173
0
174
0
175
0
176
0
177
0
178
0
179
2
271
2
272
2
273
2
274
3
275
0
276
0
277
2
278
46
279
2
280
0
281
0
282
0
283
0
284
8
285
0
286
0
288
1
289
3
290
0
340
4C
371
-2
372
-2
  0
DIMSTYLE
105
80
330
4
100
AcDbSymbolTableRecord
100
AcDbDimStyleTableRecord
  2
EZ_M_10_H25_CM
 70
0
 40
1.0
 41
0.025
 42
0.0125
 43
3.75
 44
0.037500000000000006
 45
0.0
 46
0.0
 47
0.0
 48
0.0
 49
2.5
140
0.025
141
2.5
142
0.0125
143
0.03937007874
144
100.0
145
0.0
146
0.5
147
0.010000000000000002
148
0.0
 69
0
 70
0
 71
0
 72
0
 73
0
 74
0
 75
0
 76
0
 77
1
 78
12
 79
3
170
0
171
3
172
1
173
0
174
0
175
0
176
0
177
0
178
0
179
2
271
2
272
2
273
2
274
3
275
0
276
0
277
2
278
46
279
2
280
0
281
0
282
0
283
0
284
8
285
0
286
0
288
1
289
3
290
0
340
4C
371
-2
372
-2
  0
DIMSTYLE
105
81
330
4
100
AcDbSymbolTableRecord
100
AcDbDimStyleTableRecord
  2
EZ_M_5_H25_CM
 70
0
 40
1.0
 41
0.0125
 42
0.00625
 43
3.75
 44
0.018750000000000003
 45
0.0
 46
0.0
 47
0.0
 48
0.0
 49
2.5
140
0.0125
141
2.5
142
0.00625
143
0.03937007874
144
100.0
145
0.0
146
0.5
147
0.005000000000000001
148
0.0
 69
0
 70
0
 71
0
 72
0
 73
0
 74
0
 75
0
 76
0
 77
1
 78
12
 79
3
170
0
171
3
172
1
173
0
174
0
175
0
176
0
177
0
178
0
179
2
271
2
272
2
273
2
274
3
275
0
276
0
277
2
278
46
279
2
280
0
281
0
282
0
283
0
284
8
285
0
286
0
288
1
289
3
290
0
340
4C
371
-2
372
-2
  0
DIMSTYLE
105
82
330
4
100
AcDbSymbolTableRecord
100
AcDbDimStyleTableRecord
  2
EZ_M_1_H25_CM
 70
0
 40
1.0
 41
0.0025
 42
0.00125
 43
3.75
 44
0.00375
 45
0.0
 46
0.0
 47
0.0
 48
0.0
 49
2.5
140
0.0025
141
2.5
142
0.00125
143
0.03937007874
144
100.0
145
0.0
146
0.5
147
0.001
148
0.0
 69
0
 70
0
 71
0
 72
0
 73
0
 74
0
 75
0
 76
0
 77
1
 78
12
 79
3
170
0
171
3
172
1
173
0
174
0
175
0
176
0
177
0
178
0
179
2
271
2
272
2
273
2
274
3
275
0
276
0
277
2
278
46
279
2
280
0
281
0
282
0
283
0
284
8
285
0
286
0
288
1
289
3
290
0
340
4C
371
-2
372
-2
  0
DIMSTYLE
105
83
330
4
100
AcDbSymbolTableRecord
100
AcDbDimStyleTableRecord
  2
EZ_RADIUS
 70
0
 40
1.0
 41
0.25
 42
0.125
 43
3.75
 44
0.375
 45
0.0
 46
0.0
 47
0.0
 48
0.0
 49
2.5
140
0.25
141
0.0
142
0.0
143
0.03937007874
144
100.0
145
0.0
146
0.5
147
0.1
148
0.0
 69
0
 70
0
 71
0
 72
0
 73
0
 74
0
 75
0
 76
0
 77
1
 78
12
 79
3
170
0
171
3
172
0
173
0
174
0
175
0
176
0
177
0
178
0
179
2
271
2
272
2
273
2
274
3
275
0
276
0
277
2
278
46
279
1
280
0
281
0
282
0
283
0
284
8
285
0
286
0
288
1
289
3
290
0
340
4C
342
84
371
-2
372
-2
  0
DIMSTYLE
105
88
330
4
100
AcDbSymbolTableRecord
100
AcDbDimStyleTableRecord
  2
EZ_RADIUS_INSIDE
 70
0
 40
1.0
 41
0.25
 42
0.125
 43
3.75
 44
0.375
 45
0.0
 46
0.0
 47
0.0
 48
0.0
 49
2.5
140
0.25
141
0.0
142
0.0
143
0.03937007874
144
100.0
145
0.0
146
0.5
147
0.1
148
0.0
 69
0
 70
0
 71
0
 72
0
 73
0
 74
0
 75
0
 76
0
 77
0
 78
12
 79
3
170
0
171
3
172
0
173
0
174
1
175
0
176
0
177
0
178
0
179
2
271
2
272
2
273
2
274
3
275
0
276
0
277
2
278
46
279
0
280
0
281
0
282
0
283
0
284
8
285
0
286
0
288
1
289
0
290
0
340
4C
342
84
371
-2
372
-2
  0
DIMSTYLE
105
89
330
4
100
AcDbSymbolTableRecord
100
AcDbDimStyleTableRecord
  2
EZ_CURVED
 70
0
 40
1.0
 41
0.25
 42
0.125
 43
3.75
 44
0.375
 45
0.0
 46
0.0
 47
0.0
 48
0.0
 49
2.5
140
0.25
141
2.5
142
0.0
143
0.03937007874
144
100.0
145
0.0
146
0.5
147
0.1
148
0.0
 69
0
 70
0
 71
0
 72
0
 73
0
 74
0
 75
0
 76
0
 77
1
 78
12
 79
2
 90
2
170
0
171
3
172
1
173
0
174
0
175
0
176
0
177
0
178
0
179
2
271
2
272
2
273
2
274
3
275
0
276
0
277
2
278
46
279
2
280
0
281
0
282
0
283
0
284
8
285
0
286
0
288
1
289
3
290
0
340
4C
371
-2
372
-2
  0
ENDTAB
  0
TABLE
  2
BLOCK_RECORD
  5
9
330
0
100
AcDbSymbolTable
 70
5
  0
BLOCK_RECORD
  5
17
330
9
100
AcDbSymbolTableRecord
100
AcDbBlockTableRecord
  2
*Model_Space
340
1A
 70
0
280
1
281
0
  0
BLOCK_RECORD
  5
1B
330
9
100
AcDbSymbolTableRecord
100
AcDbBlockTableRecord
  2
*Paper_Space
340
1E
 70
0
280
1
281
0
  0
BLOCK_RECORD
  5
74
330
9
100
AcDbSymbolTableRecord
100
AcDbBlockTableRecord
  2
_ARCHTICK
340
0
 70
0
280
1
281
0
  0
BLOCK_RECORD
  5
78
330
9
100
AcDbSymbolTableRecord
100
AcDbBlockTableRecord
  2
_CLOSEDFILLED
340
0
 70
0
280
1
281
0
  0
BLOCK_RECORD
  5
84
330
9
100
AcDbSymbolTableRecord
100
AcDbBlockTableRecord
  2
_CLOSEDBLANK
340
0
 70
0
280
1
281
0
  0
ENDTAB
  0
ENDSEC
  0
SECTION
  2
BLOCKS
  0
BLOCK
  5
18
330
17
100
AcDbEntity
  8
0
100
AcDbBlockBegin
  2
*Model_Space
 70
0
 10
0.0
 20
0.0
 30
0.0
  3
*Model_Space
  1

  0
ENDBLK
  5
19
330
17
100
AcDbEntity
  8
0
100
AcDbBlockEnd
  0
BLOCK
  5
1C
330
1B
100
AcDbEntity
  8
0
100
AcDbBlockBegin
  2
*Paper_Space
 70
0
 10
0.0
 20
0.0
 30
0.0
  3
*Paper_Space
  1

  0
ENDBLK
  5
1D
330
1B
100
AcDbEntity
  8
0
100
AcDbBlockEnd
  0
BLOCK
  5
75
330
74
100
AcDbEntity
  8
0
100
AcDbBlockBegin
  2
_ARCHTICK
 70
0
 10
0.0
 20
0.0
 30
0.0
  3
_ARCHTICK
  1

  0
LWPOLYLINE
  5
77
330
74
100
AcDbEntity
  8
0
  6
BYBLOCK
 62
0
100
AcDbPolyline
 90
2
 70
0
 43
0.15
 10
-0.5
 20
-0.5
 10
0.5
 20
0.5
  0
ENDBLK
  5
76
330
74
100
AcDbEntity
  8
0
100
AcDbBlockEnd
  0
BLOCK
  5
79
330
78
100
AcDbEntity
  8
0
100
AcDbBlockBegin
  2
_CLOSEDFILLED
 70
0
 10
0.0
 20
0.0
 30
0.0
  3
_CLOSEDFILLED
  1

  0
SOLID
  5
7B
330
78
100
AcDbEntity
  8
0
  6
BYBLOCK
 62
0
100
AcDbTrace
 10
-1.0
 20
0.16439898372402537
 30
0.0
 11
0.0
 21
0.0
 31
0.0
 12
-1.0
 22
-0.16439898372402537
 32
0.0
 13
-1.0
 23
-0.16439898372402537
 33
0.0
  0
ENDBLK
  5
7A
330
78
100
AcDbEntity
  8
0
100
AcDbBlockEnd
  0
BLOCK
  5
85
330
84
100
AcDbEntity
  8
0
100
AcDbBlockBegin
  2
_CLOSEDBLANK
 70
0
 10
0.0
 20
0.0
 30
0.0
  3
_CLOSEDBLANK
  1

  0
LWPOLYLINE
  5
87
330
84
100
AcDbEntity
  8
0
  6
BYBLOCK
 62
0
100
AcDbPolyline
 90
3
 70
1
 10
-1.0
 20
0.16439898372402537
 10
0.0
 20
0.0
 10
-1.0
 20
-0.16439898372402537
  0
ENDBLK
  5
86
330
84
100
AcDbEntity
  8
0
100
AcDbBlockEnd
  0
ENDSEC
  0
SECTION
  2
ENTITIES
  0
LWPOLYLINE
  5
8A
330
17
100
AcDbEntity
  8
00-BASE-LIMITE
100
AcDbPolyline
 90
3368
 70
1
 10
105698.4599
 20
118126.4265
 10
105700.1829
 20
118117.9479
 10
105703.5609
 20
118104.1621
 10
105707.6863
 20
118090.5811
 10
105709.9345
 20
118083.8471
 10
105715.5941
 20
118069.7003
 10
105721.0973
 20
118057.7467
 10
105721.5827
 20
118056.7637
 10
105725.1653
 20
118049.5101
 10
105733.2249
 20
118033.0937
 10
105734.1413
 20
118033.4873
 10
105736.2001
 20
118034.2881
 10
105738.1521
 20
118035.2891
 10
105742.8831
 20
118037.4717
 10
105749.4451
 20
118023.6011
 10
105751.8871
 20
118018.1431
 10
105760.3391
 20
118001.4381
 10
105763.1271
 20
118002.6231
 10
105764.4255
 20
117999.8843
 10
105758.0381
 20
117997.4401
 10
105753.9821
 20
117993.9795
 10
105756.0209
 20
117990.1767
 10
105757.2795
 20
117988.7667
 10
105755.4465
 20
117987.1305
 10
105762.9661
 20
117970.9811
 10
105773.6061
 20
117948.0201
 10
105774.2291
 20
117947.5741
 10
105779.2931
 20
117937.1571
 10
105785.4971
 20
117924.6111
 10
105789.8211
 20
117916.1211
 10
105788.7043
 20
117915.5451
 10
105802.5299
 20
117889.0645
 10
105816.3785
 20
117864.7747
 10
105820.6845
 20
117855.8453
 10
105827.5055
 20
117840.4077
 10
105828.2681
 20
117840.7461
 10
105829.6761
 20
117837.4471
 10
105830.6591
 20
117835.7671
 10
105834.4041
 20
117826.0291
 10
105834.4123
 20
117826.0083
 10
105837.6927
 20
117818.3195
 10
105835.8011
 20
117817.3831
 10
105842.4841
 20
117803.4101
 10
105845.1341
 20
117797.4587
 10
105847.0941
 20
117798.3445
 10
105849.6441
 20
117792.7011
 10
105854.4791
 20
117781.3931
 10
105856.3885
 20
117782.1015
 10
105857.0149
 20
117780.5153
 10
105857.9269
 20
117778.2051
 10
105860.4757
 20
117771.7501
 10
105858.5871
 20
117770.9471
 10
105861.9101
 20
117762.4751
 10
105864.9231
 20
117754.7661
 10
105865.1921
 20
117754.2701
 10
105867.1491
 20
117748.9825
 10
105867.4453
 20
117748.1019
 10
105872.8245
 20
117733.6623
 10
105873.0281
 20
117733.4657
 10
105873.7797
 20
117733.1641
 10
105874.1635
 20
117733.0457
 10
105874.5567
 20
117732.9635
 10
105875.061
 20
117732.9345
 10
105875.5633
 20
117732.9875
 10
105876.0505
 20
117733.1209
 10
105876.5136
 20
117733.3164
 10
105876.94
 20
117733.5825
 10
105877.3192
 20
117733.9126
 10
105877.6415
 20
117734.2983
 10
105877.7905
 20
117734.4396
 10
105877.914
 20
117734.6037
 10
105878.0087
 20
117734.7859
 10
105878.0719
 20
117734.9813
 10
105878.1018
 20
117735.1845
 10
105878.0976
 20
117735.3899
 10
105878.0595
 20
117735.5917
 10
105880.2601
 20
117731.6381
 10
105882.7939
 20
117725.5771
 10
105887.2207
 20
117727.3421
 10
105888.2721
 20
117724.7367
 10
105880.0901
 20
117720.8301
 10
105877.4231
 20
117719.2925
 10
105877.9841
 20
117717.3381
 10
105879.4691
 20
117712.9711
 10
105880.9121
 20
117707.5971
 10
105883.7931
 20
117696.3651
 10
105883.8891
 20
117695.9021
 10
105884.6841
 20
117693.0489
 10
105885.8241
 20
117688.5651
 10
105886.5291
 20
117685.8711
 10
105888.3081
 20
117678.7621
 10
105890.1401
 20
117670.8211
 10
105891.5131
 20
117664.2361
 10
105892.8021
 20
117657.8171
 10
105893.3741
 20
117654.6671
 10
105893.9911
 20
117651.3861
 10
105897.7191
 20
117645.9047
 10
105898.6249
 20
117640.5035
 10
105898.9052
 20
117639.4172
 10
105899.3681
 20
117638.3954
 10
105899.9998
 20
117637.4683
 10
105900.7816
 20
117636.6637
 10
105901.69
 20
117636.0055
 10
105902.6981
 20
117635.5133
 10
105903.7758
 20
117635.2017
 10
105904.891
 20
117635.0801
 10
105906.0105
 20
117635.1521
 10
105917.4045
 20
117636.8809
 10
105919.6947
 20
117622.3457
 10
105912.3371
 20
117621.1391
 10
105912.2981
 20
117621.0541
 10
105910.7581
 20
117620.8941
 10
105909.8611
 20
117620.2471
 10
105905.5621
 20
117619.4041
 10
105903.7391
 20
117617.5241
 10
105902.4071
 20
117614.1731
 10
105902.6891
 20
117605.1441
 10
105903.8001
 20
117594.1171
 10
105904.6441
 20
117583.7621
 10
105905.1299
 20
117578.0757
 10
105905.3727
 20
117574.8583
 10
105905.6335
 20
117571.4003
 10
105905.7887
 20
117568.2609
 10
105906.0363
 20
117562.4095
 10
105906.9511
 20
117562.5121
 10
105907.0411
 20
117562.3301
 10
105908.1001
 20
117554.5159
 10
105908.6411
 20
117550.5251
 10
105908.9205
 20
117548.6571
 10
105909.6341
 20
117543.3631
 10
105909.6981
 20
117542.3861
 10
105909.7195
 20
117542.2317
 10
105909.0369
 20
117542.1365
 10
105912.8605
 20
117491.2627
 10
105913.3553
 20
117484.2497
 10
105914.5071
 20
117458.5561
 10
105915.9401
 20
117457.5785
 10
105917.3609
 20
117456.5647
 10
105920.3029
 20
117455.9203
 10
105922.9451
 20
117456.1331
 10
105931.0421
 20
117457.4581
 10
105933.4061
 20
117441.8441
 10
105927.7601
 20
117439.9151
 10
105919.7241
 20
117436.3551
 10
105919.2601
 20
117436.4751
 10
105915.7121
 20
117432.2341
 10
105914.5581
 20
117430.2241
 10
105915.2231
 20
117421.8611
 10
105915.9441
 20
117410.4401
 10
105916.8251
 20
117397.6051
 10
105917.4991
 20
117391.5501
 10
105917.8291
 20
117384.9681
 10
105918.1591
 20
117378.3861
 10
105918.5657
 20
117372.9457
 10
105918.6411
 20
117371.9361
 10
105919.3531
 20
117364.1101
 10
105919.7891
 20
117359.7671
 10
105920.0695
 20
117356.7245
 10
105920.4651
 20
117352.4581
 10
105920.9673
 20
117352.4963
 10
105921.5563
 20
117346.8783
 10
105919.5239
 20
117346.4409
 10
105919.6341
 20
117344.6811
 10
105919.7211
 20
117343.0581
 10
105920.0545
 20
117343.0961
 10
105920.6301
 20
117337.6611
 10
105920.7547
 20
117336.3543
 10
105921.4351
 20
117327.2285
 10
105921.1321
 20
117327.1921
 10
105921.7041
 20
117320.9531
 10
105922.1319
 20
117320.9963
 10
105922.1641
 20
117320.6781
 10
105922.3111
 20
117315.6671
 10
105922.4771
 20
117312.2391
 10
105922.9501
 20
117305.6497
 10
105924.3111
 20
117305.7131
 10
105924.7291
 20
117295.3011
 10
105925.0705
 20
117289.6699
 10
105924.3971
 20
117289.6291
 10
105925.1391
 20
117279.7851
 10
105926.0921
 20
117266.5481
 10
105929.4421
 20
117216.5021
 10
105938.8661
 20
117214.2585
 10
105938.6439
 20
117213.3259
 10
105938.5957
 20
117213.1319
 10
105937.2657
 20
117207.0073
 10
105940.4659
 20
117206.5989
 10
105940.4405
 20
117206.4005
 10
105940.0323
 20
117203.2023
 10
105935.1611
 20
117203.3971
 10
105931.4601
 20
117203.5451
 10
105931.3471
 20
117200.1791
 10
105930.6759
 20
117200.0683
 10
105933.1177
 20
117185.1385
 10
105933.4923
 20
117180.5503
 10
105935.6685
 20
117170.3651
 10
105940.2465
 20
117158.7445
 10
105943.5607
 20
117150.3051
 10
105949.0027
 20
117136.5579
 10
105954.4397
 20
117123.3471
 10
105959.2475
 20
117111.7427
 10
105965.2069
 20
117097.2929
 10
105976.8371
 20
117069.4899
 10
105979.7717
 20
117062.3799
 10
105983.0757
 20
117053.7745
 10
105988.9847
 20
117037.1589
 10
105994.1679
 20
117019.1973
 10
106006.9685
 20
116985.9225
 10
106038.5431
 20
116903.5825
 10
106036.8235
 20
116903.0047
 10
106039.0479
 20
116896.9221
 10
106041.0549
 20
116891.2989
 10
106042.0643
 20
116888.5195
 10
106043.0739
 20
116885.7399
 10
106045.1251
 20
116880.0241
 10
106046.9925
 20
116874.4403
 10
106049.2111
 20
116868.7781
 10
106051.2407
 20
116863.1829
 10
106052.2891
 20
116860.3369
 10
106053.3373
 20
116857.4909
 10
106055.5059
 20
116851.8861
 10
106057.0073
 20
116845.9633
 10
106062.2077
 20
116847.7643
 10
106066.0001
 20
116849.0721
 10
106069.8759
 20
116838.0693
 10
106061.4879
 20
116835.2357
 10
106069.4025
 20
116812.4695
 10
106069.4263
 20
116812.4013
 10
106071.4183
 20
116806.6713
 10
106073.4555
 20
116801.0269
 10
106075.5741
 20
116795.1999
 10
106077.5673
 20
116789.7461
 10
106079.5609
 20
116783.9199
 10
106081.4803
 20
116778.4757
 10
106083.4959
 20
116772.7449
 10
106085.4441
 20
116767.1645
 10
106087.5113
 20
116761.2259
 10
106089.5291
 20
116755.7551
 10
106091.1401
 20
116751.4171
 10
106095.5235
 20
116752.9883
 10
106095.6541
 20
116752.6239
 10
106095.8571
 20
116750.1155
 10
106098.1153
 20
116749.2211
 10
106101.5945
 20
116749.2343
 10
106100.9967
 20
116745.4505
 10
106102.4389
 20
116743.1231
 10
106104.8991
 20
116738.6335
 10
106107.7089
 20
116731.7239
 10
106104.6597
 20
116725.3141
 10
106106.3889
 20
116720.9667
 10
106109.0041
 20
116716.6851
 10
106111.3511
 20
116712.1979
 10
106113.4845
 20
116707.5197
 10
106114.4997
 20
116703.6161
 10
106119.4961
 20
116705.5151
 10
106121.6013
 20
116697.6777
 10
106121.6587
 20
116697.4861
 10
106122.3581
 20
116694.1389
 10
106124.2309
 20
116684.3761
 10
106126.3869
 20
116673.1367
 10
106128.0335
 20
116664.5519
 10
106129.2451
 20
116658.5463
 10
106133.7167
 20
116659.3571
 10
106134.4505
 20
116654.4113
 10
106137.0111
 20
116637.1569
 10
106133.4913
 20
116637.1963
 10
106133.7017
 20
116635.9677
 10
106133.9031
 20
116634.6195
 10
106134.0965
 20
116633.2739
 10
106134.2817
 20
116631.9311
 10
106134.4597
 20
116630.5909
 10
106134.6307
 20
116629.2537
 10
106134.7949
 20
116627.9193
 10
106134.9531
 20
116626.5881
 10
106135.1055
 20
116625.2599
 10
106135.2529
 20
116623.9347
 10
106135.3577
 20
116622.9609
 10
106139.1807
 20
116622.8379
 10
106140.4551
 20
116617.4755
 10
106141.4611
 20
116607.3235
 10
106142.3087
 20
116598.5255
 10
106143.1223
 20
116592.8933
 10
106144.7305
 20
116587.4669
 10
106143.6649
 20
116582.9257
 10
106142.7857
 20
116577.0345
 10
106141.4575
 20
116572.0859
 10
106142.3457
 20
116565.5543
 10
106143.1527
 20
116558.1191
 10
106144.2827
 20
116550.7715
 10
106147.0465
 20
116537.4645
 10
106149.2789
 20
116527.7549
 10
106151.7395
 20
116518.0989
 10
106155.2975
 20
116506.1805
 10
106158.6587
 20
116491.4735
 10
106162.2009
 20
116486.5285
 10
106161.2857
 20
116480.7599
 10
106164.4575
 20
116470.7817
 10
106164.1187
 20
116465.0021
 10
106165.3839
 20
116454.5393
 10
106166.4745
 20
116449.1879
 10
106166.5967
 20
116433.0509
 10
106166.8883
 20
116427.6603
 10
106166.3313
 20
116422.4947
 10
106167.3783
 20
116417.3951
 10
106169.5145
 20
116411.8383
 10
106169.0477
 20
116406.4361
 10
106168.1315
 20
116401.3987
 10
106163.5367
 20
116391.6633
 10
106161.8331
 20
116376.8381
 10
106159.7023
 20
116372.0209
 10
106159.2933
 20
116362.1375
 10
106158.5293
 20
116357.1765
 10
106157.7581
 20
116347.4767
 10
106156.8463
 20
116337.7477
 10
106156.1655
 20
116332.8141
 10
106154.9767
 20
116328.2267
 10
106155.1783
 20
116325.1173
 10
106155.7787
 20
116318.8005
 10
106157.0867
 20
116313.8913
 10
106157.4307
 20
116307.2929
 10
106157.5753
 20
116298.8443
 10
106155.7593
 20
116293.8449
 10
106155.2629
 20
116284.0945
 10
106155.9739
 20
116279.0759
 10
106155.5147
 20
116273.8943
 10
106154.3899
 20
116268.9223
 10
106154.2509
 20
116264.5095
 10
106159.8111
 20
116259.9177
 10
106156.0931
 20
116254.5059
 10
106155.6127
 20
116253.7581
 10
106160.3381
 20
116250.7223
 10
106161.3719
 20
116250.0077
 10
106160.8589
 20
116249.1467
 10
106160.5731
 20
116248.6669
 10
106158.2779
 20
116244.8149
 10
106157.7005
 20
116243.3003
 10
106156.3793
 20
116241.0677
 10
106155.8847
 20
116239.6875
 10
106156.7505
 20
116239.0867
 10
106156.1819
 20
116234.0037
 10
106156.1229
 20
116228.7753
 10
106154.3655
 20
116229.1179
 10
106153.7019
 20
116138.9795
 10
106153.4883
 20
116134.0007
 10
106153.6553
 20
116129.0427
 10
106154.0813
 20
116119.0099
 10
106153.9445
 20
116114.2991
 10
106157.3429
 20
116109.3175
 10
106157.0297
 20
116099.0699
 10
106156.7217
 20
116088.9849
 10
106157.1733
 20
116074.7187
 10
106157.2783
 20
116068.9017
 10
106157.0097
 20
116048.3165
 10
106155.2849
 20
116031.4089
 10
106154.9143
 20
116027.6511
 10
106155.0377
 20
116026.0231
 10
106144.8409
 20
116017.1951
 10
106143.1509
 20
116012.0663
 10
106141.4085
 20
116007.1649
 10
106141.3732
 20
116006.9435
 10
106141.3767
 20
116006.7193
 10
106141.4188
 20
116006.4991
 10
106141.4982
 20
116006.2894
 10
106141.6127
 20
116006.0966
 10
106141.7587
 20
116005.9265
 10
106141.9318
 20
116005.7841
 10
106142.127
 20
116005.6737
 10
106142.3383
 20
116005.5986
 10
106142.5593
 20
116005.5611
 10
106142.7835
 20
116005.5623
 10
106143.0041
 20
116005.6022
 10
106143.2146
 20
116005.6796
 10
106143.4085
 20
116005.7921
 10
106144.4459
 20
116006.5791
 10
106145.2927
 20
116005.4643
 10
106149.6081
 20
116002.6029
 10
106138.1463
 20
115993.8965
 10
106140.0155
 20
115991.4357
 10
106138.9099
 20
115990.0211
 10
106134.9909
 20
115984.9037
 10
106132.2843
 20
115981.1485
 10
106132.1661
 20
115980.7069
 10
106109.7949
 20
115929.7165
 10
106109.0697
 20
115924.9863
 10
106107.1679
 20
115912.0531
 10
106105.6457
 20
115901.6329
 10
106104.5351
 20
115893.9651
 10
106103.4239
 20
115886.1875
 10
106103.0963
 20
115876.0453
 10
106103.0763
 20
115875.5621
 10
106103.0301
 20
115874.3681
 10
106102.9869
 20
115873.1713
 10
106102.9459
 20
115871.9717
 10
106102.9073
 20
115870.7693
 10
106102.8709
 20
115869.5643
 10
106102.8361
 20
115868.3565
 10
106102.8029
 20
115867.1459
 10
106102.7711
 20
115865.9381
 10
106102.7401
 20
115864.7207
 10
106102.7099
 20
115863.5007
 10
106102.6801
 20
115862.2779
 10
106102.6505
 20
115861.0529
 10
106101.4297
 20
115810.4147
 10
106101.474
 20
115810.0255
 10
106101.5815
 20
115809.6488
 10
106101.7492
 20
115809.2948
 10
106101.9726
 20
115808.9731
 10
106102.2457
 20
115808.6923
 10
106102.5611
 20
115808.46
 10
106102.9102
 20
115808.2824
 10
106103.2837
 20
115808.1645
 10
106103.6715
 20
115808.1093
 10
106104.0631
 20
115808.1183
 10
106107.0303
 20
115809.0889
 10
106107.5757
 20
115810.2665
 10
106108.4563
 20
115808.1091
 10
106111.8617
 20
115809.5265
 10
106114.1269
 20
115804.0887
 10
106115.5467
 20
115804.6889
 10
106116.2469
 20
115803.0323
 10
106114.8147
 20
115802.4377
 10
106107.2781
 20
115799.3097
 10
106111.5063
 20
115789.4473
 10
106113.1465
 20
115785.4175
 10
106110.0411
 20
115784.1535
 10
106108.4845
 20
115787.1609
 10
106103.4221
 20
115784.5235
 10
106103.0395
 20
115772.0803
 10
106102.5021
 20
115754.3243
 10
106102.0179
 20
115738.3227
 10
106101.9389
 20
115733.5669
 10
106105.0739
 20
115733.3851
 10
106106.3425
 20
115732.8309
 10
106104.7951
 20
115729.2901
 10
106102.3593
 20
115723.7593
 10
106108.4933
 20
115721.0577
 10
106108.4999
 20
115721.0553
 10
106108.1035
 20
115719.9453
 10
106107.3349
 20
115719.6427
 10
106105.3741
 20
115715.3217
 10
106105.1497
 20
115714.8269
 10
106104.1975
 20
115712.7285
 10
106104.1103
 20
115712.5375
 10
106104.0845
 20
115712.4813
 10
106104.0417
 20
115712.3873
 10
106099.8305
 20
115703.1641
 10
106099.7287
 20
115702.9345
 10
106099.5157
 20
115702.4533
 10
106096.7007
 20
115696.0941
 10
106097.4773
 20
115690.1885
 10
106097.4789
 20
115690.1753
 10
106097.5537
 20
115689.6069
 10
106097.7123
 20
115688.4001
 10
106105.2961
 20
115683.8269
 10
106103.0267
 20
115680.7253
 10
106104.0911
 20
115679.9141
 10
106111.9571
 20
115673.9761
 10
106117.9351
 20
115669.6621
 10
106121.3693
 20
115667.2661
 10
106124.6327
 20
115664.9891
 10
106119.0785
 20
115657.0283
 10
106115.8255
 20
115652.0403
 10
106113.2413
 20
115647.8805
 10
106110.5483
 20
115643.6485
 10
106107.8637
 20
115639.4077
 10
106107.4837
 20
115638.7859
 10
106106.7021
 20
115639.2635
 10
106104.6739
 20
115636.2779
 10
106100.9161
 20
115625.7259
 10
106098.2487
 20
115618.1665
 10
106095.3243
 20
115610.8549
 10
106093.4633
 20
115606.7883
 10
106091.9703
 20
115603.5261
 10
106088.5403
 20
115596.2497
 10
106084.7771
 20
115589.1307
 10
106082.9157
 20
115585.5657
 10
106082.8355
 20
115583.4405
 10
106083.7687
 20
115580.6431
 10
106083.9703
 20
115580.4075
 10
106086.7767
 20
115579.3457
 10
106083.6329
 20
115570.5257
 10
106076.4867
 20
115573.0729
 10
106073.8867
 20
115574.0247
 10
106066.7305
 20
115576.5507
 10
106062.4125
 20
115578.3017
 10
106061.7289
 20
115576.4673
 10
106054.4105
 20
115579.1559
 10
106054.3413
 20
115579.0743
 10
106053.3475
 20
115578.8019
 10
106052.6159
 20
115577.8507
 10
106044.3849
 20
115567.1501
 10
106037.4605
 20
115558.1459
 10
106036.4125
 20
115557.9655
 10
106030.1125
 20
115556.6775
 10
106028.3901
 20
115556.1447
 10
106020.6137
 20
115548.3489
 10
106018.5469
 20
115546.3211
 10
106012.5735
 20
115540.4305
 10
106007.8525
 20
115535.7767
 10
106002.6677
 20
115530.6899
 10
105998.6215
 20
115526.6919
 10
105998.4809
 20
115526.5485
 10
105997.7913
 20
115525.8805
 10
105994.5141
 20
115522.7061
 10
105987.3751
 20
115515.7317
 10
105981.8641
 20
115510.3417
 10
105976.6869
 20
115505.2077
 10
105970.6365
 20
115499.2379
 10
105966.2127
 20
115494.8823
 10
105967.6099
 20
115492.4195
 10
105962.9853
 20
115487.2913
 10
105957.2387
 20
115480.2861
 10
105954.0741
 20
115475.7795
 10
105950.8003
 20
115470.6775
 10
105948.5807
 20
115466.6893
 10
105946.2041
 20
115463.1343
 10
105944.7265
 20
115459.7935
 10
105942.5935
 20
115454.6079
 10
105941.8481
 20
115452.8995
 10
105939.5729
 20
115447.1485
 10
105937.9373
 20
115442.4903
 10
105936.8599
 20
115438.9769
 10
105935.7675
 20
115434.1461
 10
105934.4311
 20
115428.9053
 10
105933.9113
 20
115424.4111
 10
105931.9889
 20
115415.5085
 10
105931.7221
 20
115411.1117
 10
105931.8751
 20
115406.1363
 10
105931.8221
 20
115399.9053
 10
105931.9043
 20
115396.7537
 10
105931.9573
 20
115391.8871
 10
105932.2115
 20
115384.7375
 10
105932.7507
 20
115377.0607
 10
105933.6419
 20
115372.0191
 10
105933.5683
 20
115365.9371
 10
105933.6463
 20
115361.9529
 10
105933.7293
 20
115354.7083
 10
105933.9725
 20
115348.3919
 10
105934.0517
 20
115342.1917
 10
105936.4821
 20
115337.6067
 10
105936.7461
 20
115337.1087
 10
105936.0963
 20
115332.9567
 10
105935.1545
 20
115326.8345
 10
105934.9019
 20
115321.8151
 10
105933.9669
 20
115317.0049
 10
105933.8861
 20
115313.3151
 10
105933.8575
 20
115306.9311
 10
105933.8177
 20
115301.9413
 10
105933.8977
 20
115296.9361
 10
105933.8069
 20
115291.9189
 10
105933.6939
 20
115285.7599
 10
105933.7369
 20
115276.9291
 10
105933.5299
 20
115267.3141
 10
105938.0223
 20
115262.3555
 10
105938.4999
 20
115256.9439
 10
105938.1699
 20
115251.9147
 10
105938.3149
 20
115246.9513
 10
105938.2551
 20
115236.7391
 10
105933.1697
 20
115231.8497
 10
105932.9181
 20
115222.7693
 10
105932.8927
 20
115218.1307
 10
105933.1301
 20
115213.5649
 10
105933.7303
 20
115207.0537
 10
105934.5101
 20
115199.9847
 10
105935.4301
 20
115195.1011
 10
105936.1031
 20
115190.4643
 10
105936.1647
 20
115190.2269
 10
105938.1663
 20
115181.7155
 10
105941.4527
 20
115165.4337
 10
105941.6333
 20
115164.5893
 10
105942.3503
 20
115161.2359
 10
105943.4699
 20
115155.3813
 10
105945.1171
 20
115147.4067
 10
105946.0077
 20
115144.1061
 10
105945.8895
 20
115144.0385
 10
105946.3305
 20
115142.1275
 10
105948.7025
 20
115133.0417
 10
105949.2017
 20
115133.1647
 10
105953.4559
 20
115117.2135
 10
105952.9517
 20
115117.0591
 10
105957.2295
 20
115100.7745
 10
105958.6279
 20
115095.3553
 10
105960.9695
 20
115087.1549
 10
105963.5007
 20
115078.2469
 10
105963.5966
 20
115077.9998
 10
105963.7316
 20
115077.7717
 10
105963.9021
 20
115077.5688
 10
105964.1034
 20
115077.3964
 10
105964.3302
 20
115077.2592
 10
105964.5763
 20
115077.1608
 10
105964.8352
 20
115077.104
 10
105965.0999
 20
115077.0903
 10
105967.0229
 20
115069.8471
 10
105969.2551
 20
115061.5101
 10
105969.0526
 20
115061.395
 10
105968.8707
 20
115061.2496
 10
105968.7139
 20
115061.0774
 10
105968.5861
 20
115060.8827
 10
105968.4905
 20
115060.6703
 10
105968.4295
 20
115060.4455
 10
105968.4046
 20
115060.214
 10
105968.4163
 20
115059.9813
 10
105968.4645
 20
115059.7535
 10
105970.6699
 20
115051.4029
 10
105971.5411
 20
115044.5879
 10
105972.2519
 20
115039.3977
 10
105973.6221
 20
115039.8621
 10
105973.7971
 20
115039.3681
 10
105974.5181
 20
115034.9501
 10
105974.9633
 20
115033.2747
 10
105975.3233
 20
115033.3699
 10
105976.4831
 20
115028.9901
 10
105978.1621
 20
115022.1941
 10
105978.7141
 20
115020.1641
 10
105979.8283
 20
115015.6615
 10
105980.2715
 20
115015.7767
 10
105980.3009
 20
115014.5757
 10
105980.4067
 20
115010.2365
 10
105980.4879
 20
115007.9243
 10
105980.6183
 20
115004.2041
 10
105980.6083
 20
115003.6771
 10
105976.2411
 20
115002.8011
 10
105977.5331
 20
114997.7511
 10
105980.5063
 20
114998.3073
 10
105980.4079
 20
114993.1155
 10
105979.8311
 20
114992.9581
 10
105980.3025
 20
114987.5625
 10
105980.2711
 20
114985.9077
 10
105979.6657
 20
114982.3545
 10
105979.173
 20
114982.034
 10
105978.7392
 20
114981.6373
 10
105978.3761
 20
114981.1751
 10
105978.1877
 20
114980.7747
 10
105978.0626
 20
114980.3502
 10
105978.0035
 20
114979.9117
 10
105978.0119
 20
114979.4692
 10
105978.0876
 20
114979.0333
 10
105978.2289
 20
114978.6139
 10
105978.4323
 20
114978.2209
 10
105978.6933
 20
114977.8635
 10
105978.8711
 20
114977.6903
 10
105974.1003
 20
114949.6885
 10
105973.1021
 20
114948.2101
 10
105972.8325
 20
114947.5081
 10
105972.6684
 20
114946.7743
 10
105972.6135
 20
114946.0243
 10
105972.669
 20
114945.2744
 10
105972.8335
 20
114944.5407
 10
105973.1037
 20
114943.8389
 10
105971.2579
 20
114933.0043
 10
105973.9923
 20
114932.0825
 10
105975.4977
 20
114931.8835
 10
105972.7101
 20
114929.9781
 10
105969.9039
 20
114930.4219
 10
105969.6245
 20
114928.6459
 10
105972.5383
 20
114928.2453
 10
105975.7327
 20
114927.7261
 10
105974.3795
 20
114917.7875
 10
105973.9447
 20
114914.5945
 10
105972.2079
 20
114914.5357
 10
105967.7153
 20
114911.1183
 10
105966.5853
 20
114909.5459
 10
105965.3901
 20
114896.0117
 10
105965.4664
 20
114895.8017
 10
105965.5745
 20
114895.6061
 10
105965.7115
 20
114895.4296
 10
105965.8743
 20
114895.2765
 10
105966.0588
 20
114895.1505
 10
105966.2606
 20
114895.0547
 10
105966.4749
 20
114894.9913
 10
105966.3485
 20
114891.6383
 10
105966.0645
 20
114890.7467
 10
105965.4481
 20
114889.9151
 10
105965.0805
 20
114885.8009
 10
105965.0543
 20
114885.7359
 10
105965.2819
 20
114884.4543
 10
105968.5475
 20
114881.1147
 10
105968.8133
 20
114880.9259
 10
105973.2763
 20
114878.3327
 10
105974.0025
 20
114877.8893
 10
105971.7883
 20
114874.2611
 10
105967.9359
 20
114867.3879
 10
105965.8718
 20
114867.4425
 10
105963.8288
 20
114867.1424
 10
105961.8676
 20
114866.4965
 10
105960.0461
 20
114865.5239
 10
105959.8775
 20
114865.0377
 10
105959.7179
 20
114862.0899
 10
105959.5981
 20
114862.0165
 10
105959.3535
 20
114856.3221
 10
105959.3451
 20
114855.4941
 10
105960.2291
 20
114855.1453
 10
105959.1367
 20
114852.3057
 10
105958.7109
 20
114845.9455
 10
105958.7587
 20
114845.9395
 10
105958.8637
 20
114845.9553
 10
105958.5821
 20
114841.7731
 10
105957.8183
 20
114830.4325
 10
105956.8691
 20
114816.3231
 10
105956.1891
 20
114806.2901
 10
105955.6823
 20
114798.2115
 10
105955.6451
 20
114779.4721
 10
105955.2221
 20
114774.1711
 10
105955.1787
 20
114769.8627
 10
105954.6797
 20
114741.7807
 10
105954.6629
 20
114740.8431
 10
105954.6459
 20
114739.9029
 10
105954.6281
 20
114738.9599
 10
105954.6095
 20
114738.0165
 10
105954.5895
 20
114737.0685
 10
105954.5679
 20
114736.1175
 10
105954.5187
 20
114734.2073
 10
105954.4929
 20
114733.3351
 10
105951.3437
 20
114706.3967
 10
105950.9695
 20
114704.1529
 10
105949.2349
 20
114697.7164
 10
105947.2661
 20
114691.3477
 10
105944.2369
 20
114682.3465
 10
105940.7155
 20
114672.0683
 10
105932.3729
 20
114647.7179
 10
105925.5015
 20
114627.6623
 10
105925.1171
 20
114626.1802
 10
105924.9485
 20
114624.6584
 10
105924.9991
 20
114623.1281
 10
105925.2681
 20
114621.6207
 10
105925.7497
 20
114620.1673
 10
105927.9125
 20
114619.3433
 10
105930.3511
 20
114618.4179
 10
105928.6415
 20
114613.0845
 10
105928.1479
 20
114611.5419
 10
105926.8395
 20
114607.4517
 10
105930.0877
 20
114606.3801
 10
105928.5257
 20
114601.6733
 10
105920.4589
 20
114604.1543
 10
105919.9788
 20
114604.2651
 10
105919.4869
 20
114604.293
 10
105918.9974
 20
114604.2375
 10
105918.5243
 20
114604.0999
 10
105918.0813
 20
114603.8844
 10
105917.681
 20
114603.597
 10
105917.3352
 20
114603.2461
 10
105917.0536
 20
114602.8418
 10
105916.8445
 20
114602.3957
 10
105907.2841
 20
114574.4915
 10
105903.3497
 20
114562.5984
 10
105899.6681
 20
114550.6247
 10
105899.4952
 20
114549.7757
 10
105899.4714
 20
114548.9097
 10
105899.5974
 20
114548.0525
 10
105899.8696
 20
114547.23
 10
105900.2796
 20
114546.4668
 10
105900.8153
 20
114545.7858
 10
105901.4604
 20
114545.2076
 10
105902.1957
 20
114544.7493
 10
105902.9991
 20
114544.4249
 10
105910.5169
 20
114542.1237
 10
105905.9243
 20
114527.0377
 10
105904.8041
 20
114527.3265
 10
105899.2195
 20
114528.8303
 10
105898.4326
 20
114528.9759
 10
105897.6326
 20
114528.994
 10
105896.84
 20
114528.8843
 10
105896.075
 20
114528.6496
 10
105895.3572
 20
114528.2958
 10
105894.7051
 20
114527.8321
 10
105894.1353
 20
114527.2702
 10
105893.6624
 20
114526.6247
 10
105893.2986
 20
114525.912
 10
105893.0531
 20
114525.1503
 10
105892.1351
 20
114521.2591
 10
105889.4821
 20
114510.3931
 10
105886.6341
 20
114497.5671
 10
105885.4411
 20
114493.2421
 10
105881.2691
 20
114475.5371
 10
105877.5083
 20
114458.4391
 10
105875.9079
 20
114451.2719
 10
105872.4273
 20
114434.1933
 10
105869.1697
 20
114410.4855
 10
105868.9821
 20
114406.9359
 10
105868.2631
 20
114400.1099
 10
105867.7367
 20
114392.0365
 10
105867.6139
 20
114391.2861
 10
105867.3739
 20
114386.5983
 10
105865.7227
 20
114336.3865
 10
105865.3317
 20
114327.5977
 10
105865.2477
 20
114326.7277
 10
105865.1547
 20
114324.1031
 10
105864.4185
 20
114316.1079
 10
105863.1815
 20
114310.3381
 10
105862.2489
 20
114305.4699
 10
105860.7649
 20
114298.5959
 10
105860.2521
 20
114297.1861
 10
105859.9105
 20
114295.7655
 10
105858.4421
 20
114289.0569
 10
105854.5729
 20
114278.3329
 10
105849.3281
 20
114265.3559
 10
105843.4669
 20
114252.9019
 10
105842.5321
 20
114250.2085
 10
105842.2127
 20
114247.8387
 10
105842.4273
 20
114246.5671
 10
105842.8241
 20
114245.0247
 10
105843.0341
 20
114244.2079
 10
105842.0331
 20
114243.8457
 10
105841.7869
 20
114244.5127
 10
105836.1517
 20
114242.3441
 10
105835.8181
 20
114243.0473
 10
105834.5081
 20
114242.3811
 10
105833.3661
 20
114241.7601
 10
105832.8811
 20
114240.7591
 10
105832.9371
 20
114239.0281
 10
105832.8101
 20
114238.6271
 10
105831.9601
 20
114237.5021
 10
105831.8929
 20
114236.7463
 10
105832.0299
 20
114236.4167
 10
105832.4961
 20
114235.6871
 10
105832.6999
 20
114235.4357
 10
105832.6177
 20
114235.3183
 10
105830.9125
 20
114232.8317
 10
105827.5295
 20
114227.5863
 10
105823.8163
 20
114222.0921
 10
105820.1905
 20
114216.5525
 10
105817.2895
 20
114212.3561
 10
105811.7481
 20
114204.2673
 10
105811.4047
 20
114203.0271
 10
105811.4385
 20
114202.8241
 10
105807.7627
 20
114198.1277
 10
105805.0051
 20
114194.6421
 10
105804.4993
 20
114194.0549
 10
105804.7729
 20
114193.6829
 10
105802.0371
 20
114190.4623
 10
105802.3679
 20
114190.0691
 10
105808.0023
 20
114185.3699
 10
105807.1417
 20
114184.3379
 10
105805.1063
 20
114182.3549
 10
105802.9089
 20
114180.7301
 10
105799.5041
 20
114179.2289
 10
105797.2535
 20
114178.6791
 10
105794.6003
 20
114178.2891
 10
105787.9681
 20
114168.2089
 10
105781.0709
 20
114157.7259
 10
105772.8837
 20
114145.2047
 10
105766.8345
 20
114135.2957
 10
105767.5263
 20
114134.8625
 10
105762.1731
 20
114126.3851
 10
105760.8711
 20
114124.2061
 10
105760.1831
 20
114123.0711
 10
105757.9921
 20
114119.0201
 10
105756.6771
 20
114116.4465
 10
105754.6979
 20
114112.3535
 10
105752.3473
 20
114107.4303
 10
105750.8037
 20
114104.0007
 10
105748.7981
 20
114099.4921
 10
105746.6335
 20
114094.4459
 10
105746.4791
 20
114093.9871
 10
105747.1369
 20
114092.8367
 10
105745.5287
 20
114087.5701
 10
105744.1461
 20
114082.8749
 10
105743.4645
 20
114080.5621
 10
105742.3221
 20
114076.6799
 10
105743.0891
 20
114073.9594
 10
105744.2726
 20
114071.3925
 10
105745.8433
 20
114069.0425
 10
105747.7625
 20
114066.9674
 10
105749.983
 20
114065.2183
 10
105752.4498
 20
114063.8384
 10
105755.1023
 20
114062.8617
 10
105756.8795
 20
114062.3077
 10
105756.8845
 20
114062.3061
 10
105761.6534
 20
114060.3946
 10
105766.1338
 20
114057.8803
 10
105770.2499
 20
114054.8058
 10
105773.9322
 20
114051.2231
 10
105777.1184
 20
114047.1927
 10
105779.7545
 20
114042.7829
 10
105781.7959
 20
114038.0682
 10
105783.2082
 20
114033.1284
 10
105783.9673
 20
114028.0472
 10
105784.0606
 20
114022.9104
 10
105783.4863
 20
114017.8049
 10
105782.3816
 20
114013.2258
 10
105780.7395
 20
114008.8107
 10
105778.5836
 20
114004.6225
 10
105775.9445
 20
114000.7208
 10
105772.8597
 20
113997.1609
 10
105775.1539
 20
113996.4143
 10
105767.5701
 20
113973.1175
 10
105737.9081
 20
113982.7733
 10
105729.2995
 20
113974.8015
 10
105729.3091
 20
113973.1353
 10
105729.2861
 20
113968.1145
 10
105729.1331
 20
113963.0865
 10
105728.8091
 20
113958.0887
 10
105728.5925
 20
113953.1089
 10
105728.4227
 20
113948.0991
 10
105728.0791
 20
113943.1039
 10
105727.8633
 20
113938.1225
 10
105727.6617
 20
113933.1459
 10
105727.6371
 20
113928.1365
 10
105727.3683
 20
113923.1231
 10
105727.1429
 20
113918.1135
 10
105726.6053
 20
113911.6335
 10
105726.1461
 20
113906.6219
 10
105725.7383
 20
113902.8387
 10
105724.8101
 20
113897.5447
 10
105724.5071
 20
113894.1951
 10
105723.8253
 20
113887.1743
 10
105722.6783
 20
113876.8771
 10
105721.8709
 20
113871.9149
 10
105721.0553
 20
113867.0123
 10
105720.5553
 20
113862.0175
 10
105719.5629
 20
113856.9483
 10
105718.9413
 20
113852.1437
 10
105718.0449
 20
113845.8215
 10
105717.5511
 20
113841.9709
 10
105716.9811
 20
113836.6931
 10
105716.6519
 20
113834.5839
 10
105716.2593
 20
113832.0679
 10
105714.9609
 20
113825.9069
 10
105713.5601
 20
113820.9167
 10
105711.5219
 20
113814.8881
 10
105709.6445
 20
113809.7547
 10
105707.6327
 20
113804.4377
 10
105705.0923
 20
113799.6115
 10
105703.5955
 20
113796.7681
 10
105704.6833
 20
113794.2969
 10
105705.9639
 20
113794.8705
 10
105717.7951
 20
113800.1891
 10
105722.1886
 20
113801.8144
 10
105726.7714
 20
113802.7851
 10
105731.4465
 20
113803.0806
 10
105736.1151
 20
113802.6947
 10
105740.6782
 20
113801.6354
 10
105745.0394
 20
113799.9253
 10
105749.1063
 20
113797.6006
 10
105752.7929
 20
113794.7103
 10
105742.5443
 20
113783.4341
 10
105740.3064
 20
113785.1512
 10
105737.8149
 20
113786.4737
 10
105735.1387
 20
113787.3651
 10
105732.3518
 20
113787.8007
 10
105729.5313
 20
113787.7685
 10
105726.7551
 20
113787.2693
 10
105724.0999
 20
113786.3171
 10
105712.1999
 20
113781.0411
 10
105707.9181
 20
113779.0533
 10
105703.3987
 20
113776.9685
 10
105692.6003
 20
113772.0835
 10
105692.3675
 20
113771.8379
 10
105690.5437
 20
113771.0697
 10
105690.0211
 20
113770.7199
 10
105688.9235
 20
113769.5759
 10
105689.3347
 20
113768.9301
 10
105689.0833
 20
113768.7369
 10
105688.2265
 20
113768.0785
 10
105687.8509
 20
113768.4151
 10
105686.7367
 20
113767.2281
 10
105681.7895
 20
113764.9605
 10
105677.9797
 20
113763.1187
 10
105673.0769
 20
113760.8255
 10
105668.2005
 20
113758.4817
 10
105660.6949
 20
113750.5233
 10
105655.1375
 20
113744.6157
 10
105651.3379
 20
113740.6219
 10
105650.1849
 20
113739.2919
 10
105650.1723
 20
113739.1477
 10
105646.1835
 20
113735.0875
 10
105642.9557
 20
113731.6589
 10
105640.8435
 20
113729.5001
 10
105636.1189
 20
113724.5863
 10
105636.1113
 20
113724.4557
 10
105631.9479
 20
113719.9895
 10
105628.8157
 20
113716.7941
 10
105625.2817
 20
113713.0719
 10
105622.8891
 20
113710.4181
 10
105620.5457
 20
113707.6059
 10
105617.1097
 20
113703.5811
 10
105614.3297
 20
113700.2317
 10
105612.3163
 20
113697.6987
 10
105612.2867
 20
113697.5347
 10
105612.5995
 20
113697.2453
 10
105611.6053
 20
113695.9225
 10
105611.4281
 20
113696.0205
 10
105611.3457
 20
113695.8299
 10
105610.6845
 20
113696.2385
 10
105608.7125
 20
113693.1741
 10
105605.8169
 20
113688.8167
 10
105605.7209
 20
113686.6775
 10
105605.5699
 20
113683.3127
 10
105605.4333
 20
113682.2227
 10
105605.0193
 20
113678.9153
 10
105604.1107
 20
113674.9011
 10
105602.8163
 20
113675.1941
 10
105597.9807
 20
113676.4851
 10
105597.7151
 20
113676.4981
 10
105595.4177
 20
113671.8015
 10
105593.1405
 20
113667.0871
 10
105575.3521
 20
113628.7597
 10
105570.8391
 20
113619.2769
 10
105571.0321
 20
113619.2017
 10
105569.2097
 20
113616.7329
 10
105573.3995
 20
113613.7363
 10
105574.9765
 20
113612.5063
 10
105574.1143
 20
113611.4023
 10
105558.3959
 20
113591.5179
 10
105550.6343
 20
113575.3121
 10
105548.2491
 20
113570.4809
 10
105545.6293
 20
113565.2581
 10
105544.4603
 20
113561.5531
 10
105542.8933
 20
113553.9807
 10
105542.1375
 20
113549.5723
 10
105541.6173
 20
113545.3899
 10
105541.5415
 20
113543.1347
 10
105541.7635
 20
113539.1477
 10
105539.9419
 20
113539.1011
 10
105539.8709
 20
113541.8821
 10
105539.9285
 20
113543.6127
 10
105534.1541
 20
113543.8005
 10
105533.0887
 20
113542.1087
 10
105529.4449
 20
113535.8443
 10
105527.2051
 20
113532.1453
 10
105523.7221
 20
113526.3749
 10
105518.3669
 20
113518.0907
 10
105513.9621
 20
113511.4095
 10
105510.4879
 20
113507.2833
 10
105506.5269
 20
113502.5709
 10
105503.5793
 20
113499.0041
 10
105502.0221
 20
113497.0305
 10
105499.3133
 20
113493.4811
 10
105495.2309
 20
113488.1995
 10
105500.4769
 20
113483.8567
 10
105495.8683
 20
113478.0077
 10
105494.8495
 20
113476.7207
 10
105490.3265
 20
113471.2357
 10
105484.4785
 20
113464.3573
 10
105479.3509
 20
113458.2287
 10
105474.8071
 20
113452.4423
 10
105471.1611
 20
113447.3423
 10
105468.0761
 20
113442.9591
 10
105465.0923
 20
113438.5577
 10
105464.2641
 20
113437.3059
 10
105459.0449
 20
113429.4177
 10
105454.3681
 20
113422.5591
 10
105450.4339
 20
113416.5815
 10
105449.3903
 20
113414.7631
 10
105449.2241
 20
113414.6857
 10
105445.0329
 20
113406.8849
 10
105442.7635
 20
113402.1275
 10
105441.0463
 20
113397.2825
 10
105439.5963
 20
113392.2825
 10
105438.3347
 20
113387.2307
 10
105437.2629
 20
113382.1365
 10
105436.3827
 20
113377.0045
 10
105435.6929
 20
113371.8445
 10
105435.1975
 20
113366.6517
 10
105434.8763
 20
113361.4349
 10
105434.7045
 20
113356.1671
 10
105434.6573
 20
113350.9199
 10
105434.7061
 20
113345.6757
 10
105434.8257
 20
113340.3879
 10
105434.9893
 20
113335.1105
 10
105435.5917
 20
113329.8287
 10
105435.9207
 20
113324.6131
 10
105436.6027
 20
113314.6123
 10
105436.6949
 20
113308.8569
 10
105438.2693
 20
113308.2389
 10
105436.1613
 20
113302.6059
 10
105450.6775
 20
113298.5287
 10
105447.0135
 20
113289.2243
 10
105445.1088
 20
113285.2664
 10
105442.6477
 20
113281.6283
 10
105439.6827
 20
113278.3877
 10
105436.2771
 20
113275.6137
 10
105435.7445
 20
113275.2575
 10
105436.0115
 20
113270.3667
 10
105438.4803
 20
113225.1013
 10
105439.0566
 20
113210.9533
 10
105439.2428
 20
113196.7948
 10
105439.0387
 20
113182.6365
 10
105441.9605
 20
113177.1697
 10
105441.4431
 20
113175.8115
 10
105442.8589
 20
113175.3049
 10
105444.5503
 20
113172.1817
 10
105444.8429
 20
113171.4707
 10
105446.8795
 20
113167.6271
 10
105448.1005
 20
113165.3237
 10
105448.2067
 20
113165.3551
 10
105449.5383
 20
113162.7007
 10
105445.1609
 20
113160.3553
 10
105441.4411
 20
113158.1601
 10
105439.3147
 20
113156.9825
 10
105441.1013
 20
113153.7829
 10
105441.3097
 20
113152.4199
 10
105441.2213
 20
113148.9559
 10
105440.9109
 20
113140.1579
 10
105440.3137
 20
113132.6071
 10
105439.4809
 20
113121.1853
 10
105437.8951
 20
113113.6651
 10
105435.3877
 20
113100.1267
 10
105434.0747
 20
113099.1547
 10
105432.0513
 20
113094.8855
 10
105433.4609
 20
113092.3184
 10
105435.1651
 20
113089.9367
 10
105433.9785
 20
113086.9657
 10
105430.8671
 20
113079.1087
 10
105426.6177
 20
113068.5341
 10
105407.0983
 20
113004.6881
 10
105401.3549
 20
112986.5059
 10
105400.0061
 20
112979.7681
 10
105400.3503
 20
112975.2925
 10
105401.8763
 20
112968.7151
 10
105404.3551
 20
112962.4435
 10
105405.6689
 20
112959.9771
 10
105406.5873
 20
112958.3987
 10
105408.2175
 20
112955.9281
 10
105410.4735
 20
112952.9887
 10
105411.9997
 20
112951.2455
 10
105414.6589
 20
112948.3987
 10
105417.1471
 20
112945.7013
 10
105419.7541
 20
112942.8753
 10
105421.8481
 20
112940.6053
 10
105423.5719
 20
112938.7367
 10
105425.6171
 20
112936.5197
 10
105427.9129
 20
112934.0309
 10
105429.5361
 20
112932.2715
 10
105431.4155
 20
112930.2013
 10
105433.3177
 20
112928.1063
 10
105434.7941
 20
112926.4801
 10
105436.6969
 20
112924.3841
 10
105438.6197
 20
112922.0853
 10
105439.8633
 20
112920.4881
 10
105441.1959
 20
112918.6887
 10
105442.5189
 20
112916.8027
 10
105444.0041
 20
112914.5539
 10
105445.3689
 20
112912.3453
 10
105446.3197
 20
112910.8239
 10
105447.3113
 20
112909.2343
 10
105448.6585
 20
112906.6887
 10
105449.8305
 20
112903.9085
 10
105450.9437
 20
112900.8775
 10
105452.0469
 20
112897.5377
 10
105452.7969
 20
112894.5801
 10
105453.3053
 20
112891.9095
 10
105453.6229
 20
112889.6813
 10
105453.8315
 20
112887.6183
 10
105453.9771
 20
112885.0983
 10
105453.9997
 20
112882.3533
 10
105453.8625
 20
112879.3579
 10
105453.5687
 20
112876.4659
 10
105453.1119
 20
112873.5641
 10
105452.4965
 20
112870.6933
 10
105451.6531
 20
112867.6311
 10
105450.3453
 20
112863.8833
 10
105449.3209
 20
112861.4465
 10
105448.4643
 20
112859.6339
 10
105446.9107
 20
112856.7303
 10
105445.6039
 20
112854.5789
 10
105443.6923
 20
112851.7925
 10
105441.9821
 20
112849.5857
 10
105440.1583
 20
112847.4709
 10
105438.1061
 20
112845.3361
 10
105434.8843
 20
112842.3357
 10
105428.5395
 20
112836.7905
 10
105422.0037
 20
112831.5077
 10
105417.7267
 20
112828.2677
 10
105413.2317
 20
112825.0357
 10
105408.1525
 20
112821.5851
 10
105403.9137
 20
112818.8611
 10
105399.1897
 20
112815.9841
 10
105395.1695
 20
112813.6621
 10
105390.4523
 20
112811.0797
 10
105388.8345
 20
112810.2285
 10
105386.9195
 20
112809.2427
 10
105384.6201
 20
112808.0905
 10
105383.4393
 20
112807.5119
 10
105384.0041
 20
112803.9301
 10
105385.6897
 20
112793.2359
 10
105385.8225
 20
112792.3927
 10
105385.3009
 20
112789.8933
 10
105390.0035
 20
112772.2771
 10
105391.2157
 20
112767.5669
 10
105393.6763
 20
112757.8893
 10
105396.0021
 20
112748.7837
 10
105398.6051
 20
112738.5087
 10
105402.0385
 20
112725.0969
 10
105406.1547
 20
112708.9561
 10
105408.5047
 20
112699.7427
 10
105412.3437
 20
112684.6247
 10
105413.5307
 20
112680.0041
 10
105420.2405
 20
112654.0493
 10
105420.8913
 20
112650.5647
 10
105424.7949
 20
112635.2853
 10
105427.3641
 20
112625.1033
 10
105428.6407
 20
112619.9861
 10
105431.3021
 20
112609.3937
 10
105432.6313
 20
112604.0009
 10
105434.0537
 20
112598.2289
 10
105434.4085
 20
112596.1651
 10
105434.9379
 20
112594.7253
 10
105436.2451
 20
112589.5969
 10
105436.3631
 20
112589.6031
 10
105436.6427
 20
112588.1677
 10
105437.1407
 20
112588.2363
 10
105437.2411
 20
112587.5977
 10
105437.2873
 20
112587.3107
 10
105438.3575
 20
112580.6993
 10
105438.6859
 20
112578.6629
 10
105439.8829
 20
112571.2679
 10
105439.2775
 20
112571.0509
 10
105439.0641
 20
112570.2931
 10
105439.3141
 20
112568.7701
 10
105439.3889
 20
112567.3487
 10
105441.3993
 20
112550.4543
 10
105442.9135
 20
112537.6859
 10
105444.8665
 20
112522.5627
 10
105444.2009
 20
112507.0447
 10
105444.6427
 20
112506.7291
 10
105445.053
 20
112506.3036
 10
105445.3923
 20
112505.8197
 10
105445.6525
 20
112505.289
 10
105445.8273
 20
112504.7243
 10
105447.3031
 20
112485.1335
 10
105446.1261
 20
112477.6617
 10
105450.6233
 20
112410.6239
 10
105450.9999
 20
112405.4791
 10
105451.5965
 20
112397.4247
 10
105452.3475
 20
112386.2927
 10
105453.2739
 20
112374.1909
 10
105453.9957
 20
112363.8917
 10
105454.7955
 20
112352.7775
 10
105455.1799
 20
112347.4345
 10
105455.7085
 20
112340.0861
 10
105455.7447
 20
112339.5843
 10
105455.0235
 20
112339.1663
 10
105456.2845
 20
112317.3861
 10
105455.9207
 20
112306.8565
 10
105455.8921
 20
112300.2657
 10
105455.7093
 20
112300.2665
 10
105456.9957
 20
112283.6561
 10
105457.9493
 20
112271.0893
 10
105458.6775
 20
112261.7331
 10
105458.4023
 20
112255.3737
 10
105458.4405
 20
112255.4663
 10
105458.9619
 20
112255.2171
 10
105460.5873
 20
112258.6199
 10
105461.7121
 20
112261.1923
 10
105462.2679
 20
112253.8311
 10
105460.5971
 20
112250.2021
 10
105461.3751
 20
112249.8541
 10
105461.1991
 20
112246.6443
 10
105460.8675
 20
112239.5597
 10
105460.2859
 20
112233.8049
 10
105460.1583
 20
112228.9137
 10
105460.0373
 20
112224.4977
 10
105460.1307
 20
112219.5387
 10
105460.2193
 20
112209.0389
 10
105460.2071
 20
112205.3451
 10
105460.1933
 20
112201.6467
 10
105460.0453
 20
112193.1439
 10
105459.9217
 20
112185.0165
 10
105459.7293
 20
112179.8701
 10
105459.5739
 20
112175.4967
 10
105460.8131
 20
112175.5501
 10
105462.4091
 20
112175.6191
 10
105461.9843
 20
112167.3667
 10
105462.0449
 20
112167.1721
 10
105462.3067
 20
112167.1197
 10
105462.0243
 20
112162.1063
 10
105462.0181
 20
112161.9969
 10
105461.6977
 20
112162.0561
 10
105461.3249
 20
112156.1663
 10
105460.4453
 20
112143.7885
 10
105460.2153
 20
112140.6773
 10
105460.0033
 20
112137.5661
 10
105459.5611
 20
112131.3437
 10
105459.3239
 20
112128.2085
 10
105459.0717
 20
112125.0715
 10
105458.5403
 20
112118.7999
 10
105457.0809
 20
112101.5157
 10
105456.7571
 20
112097.6863
 10
105456.3935
 20
112093.3877
 10
105456.3827
 20
112093.3271
 10
105462.7547
 20
112092.8859
 10
105471.1881
 20
112092.2631
 10
105471.0855
 20
112090.5273
 10
105470.6727
 20
112083.5395
 10
105463.0101
 20
112083.9921
 10
105462.9207
 20
112082.2483
 10
105457.5887
 20
112082.5653
 10
105455.6549
 20
112078.4919
 10
105454.8621
 20
112076.9181
 10
105454.5451
 20
112073.5979
 10
105453.7229
 20
112064.4313
 10
105453.0201
 20
112055.7125
 10
105452.9281
 20
112054.3557
 10
105452.5577
 20
112046.0549
 10
105451.2077
 20
112028.4171
 10
105450.8043
 20
112023.3661
 10
105449.9955
 20
112013.3263
 10
105449.8219
 20
112011.5039
 10
105449.7601
 20
112010.7871
 10
105454.9371
 20
112010.3581
 10
105456.3981
 20
112010.2611
 10
105456.4911
 20
112010.2875
 10
105459.3665
 20
112010.1249
 10
105460.5535
 20
112010.0547
 10
105460.4225
 20
112008.0703
 10
105460.1661
 20
112003.0763
 10
105460.0273
 20
112000.9753
 10
105455.9541
 20
112001.2367
 10
105454.4349
 20
112001.3445
 10
105449.1035
 20
112001.7751
 10
105448.6489
 20
111996.7249
 10
105447.1877
 20
111978.4105
 10
105444.9265
 20
111949.1761
 10
105444.8391
 20
111949.1811
 10
105443.8549
 20
111934.6979
 10
105443.5861
 20
111930.8089
 10
105443.4775
 20
111929.2093
 10
105443.3457
 20
111927.2521
 10
105443.0791
 20
111923.4353
 10
105442.8947
 20
111920.9735
 10
105442.7331
 20
111919.2139
 10
105442.6339
 20
111918.0061
 10
105442.3547
 20
111914.7925
 10
105441.9119
 20
111908.3249
 10
105442.0401
 20
111906.8949
 10
105442.5833
 20
111905.0505
 10
105444.0651
 20
111903.1501
 10
105445.2915
 20
111902.4121
 10
105451.8013
 20
111899.4285
 10
105451.9747
 20
111899.2295
 10
105458.0811
 20
111896.2939
 10
105458.3077
 20
111896.1833
 10
105454.1283
 20
111887.6257
 10
105452.3801
 20
111884.0291
 10
105449.9161
 20
111885.2521
 10
105447.2121
 20
111886.5901
 10
105446.0081
 20
111887.1061
 10
105444.5931
 20
111886.8871
 10
105443.4131
 20
111886.5821
 10
105441.7331
 20
111885.8421
 10
105441.6951
 20
111880.8311
 10
105441.6131
 20
111876.0281
 10
105441.6509
 20
111867.1845
 10
105441.7261
 20
111862.1747
 10
105442.3589
 20
111843.5497
 10
105442.3493
 20
111843.5495
 10
105442.4529
 20
111840.7493
 10
105442.6145
 20
111837.8271
 10
105443.0759
 20
111829.6487
 10
105443.2435
 20
111826.6789
 10
105443.6425
 20
111819.6043
 10
105444.3447
 20
111809.9561
 10
105445.1571
 20
111801.0163
 10
105445.5179
 20
111796.4317
 10
105445.6077
 20
111795.4009
 10
105445.9767
 20
111791.3727
 10
105446.5781
 20
111783.9097
 10
105446.5851
 20
111783.8271
 10
105438.2649
 20
111783.3623
 10
105438.0747
 20
111786.7261
 10
105413.2409
 20
111785.3209
 10
105403.7485
 20
111784.6005
 10
105403.7393
 20
111784.9007
 10
105404.1489
 20
111790.7489
 10
105404.6361
 20
111798.4925
 10
105404.8507
 20
111801.6221
 10
105404.8507
 20
111802.0721
 10
105404.5535
 20
111802.0641
 10
105404.3463
 20
111811.1067
 10
105404.0827
 20
111824.2471
 10
105403.9631
 20
111828.8457
 10
105403.7671
 20
111837.1821
 10
105403.5887
 20
111850.3131
 10
105403.3909
 20
111856.7199
 10
105403.3329
 20
111860.2219
 10
105403.2451
 20
111863.7341
 10
105403.1425
 20
111868.9495
 10
105390.1027
 20
111869.9129
 10
105390.2491
 20
111872.3185
 10
105390.3397
 20
111873.8089
 10
105399.7577
 20
111873.1307
 10
105400.8425
 20
111873.5287
 10
105401.3105
 20
111874.1761
 10
105401.1955
 20
111880.2341
 10
105400.6923
 20
111880.8353
 10
105390.8203
 20
111881.7139
 10
105391.0595
 20
111885.6477
 10
105394.4911
 20
111885.4911
 10
105398.2281
 20
111885.2371
 10
105401.0301
 20
111885.8141
 10
105401.6051
 20
111886.6691
 10
105401.7735
 20
111894.8135
 10
105401.9421
 20
111902.9581
 10
105402.2559
 20
111911.1115
 10
105402.4111
 20
111915.1451
 10
105402.7477
 20
111919.2629
 10
105403.6281
 20
111930.0361
 10
105404.4745
 20
111940.6591
 10
105405.3179
 20
111951.2451
 10
105405.7657
 20
111956.5359
 10
105405.9731
 20
111959.1827
 10
105406.5941
 20
111966.3215
 10
105407.8669
 20
111981.3611
 10
105408.0251
 20
111984.7551
 10
105408.2951
 20
111987.9181
 10
105407.9921
 20
111989.1583
 10
105407.2761
 20
111989.8481
 10
105406.6601
 20
111990.1501
 10
105403.1329
 20
111990.4111
 10
105398.4915
 20
111990.7553
 10
105396.4147
 20
111990.9145
 10
105397.4315
 20
112002.8857
 10
105390.2821
 20
112003.3999
 10
105390.7259
 20
112007.2529
 10
105404.5827
 20
112006.1959
 10
105409.2911
 20
112005.8369
 10
105415.6737
 20
112090.8829
 10
105415.8243
 20
112093.2417
 10
105415.6747
 20
112093.2503
 10
105416.1989
 20
112098.9685
 10
105416.7545
 20
112098.9229
 10
105416.8333
 20
112099.3493
 10
105418.0043
 20
112114.7901
 10
105418.4595
 20
112120.8977
 10
105418.0407
 20
112121.2837
 10
105417.7861
 20
112121.3099
 10
105418.0567
 20
112124.6433
 10
105418.7671
 20
112124.5945
 10
105418.7845
 20
112124.9129
 10
105418.2895
 20
112124.9533
 10
105419.6121
 20
112149.6217
 10
105415.5299
 20
112149.8073
 10
105415.5751
 20
112152.8451
 10
105417.0101
 20
112174.6331
 10
105417.0891
 20
112176.1355
 10
105417.1843
 20
112177.6365
 10
105420.0779
 20
112177.2489
 10
105421.1997
 20
112177.5029
 10
105422.0419
 20
112178.1567
 10
105422.5757
 20
112179.3583
 10
105422.7985
 20
112186.2783
 10
105423.1141
 20
112203.3717
 10
105423.1675
 20
112217.8983
 10
105423.4861
 20
112218.6183
 10
105423.3775
 20
112219.3373
 10
105423.0425
 20
112219.8423
 10
105422.8973
 20
112230.4287
 10
105422.8627
 20
112231.6489
 10
105422.6813
 20
112237.2161
 10
105422.6639
 20
112237.6937
 10
105422.3699
 20
112244.8523
 10
105422.3557
 20
112245.1597
 10
105422.2853
 20
112246.6639
 10
105421.9257
 20
112252.2029
 10
105421.4301
 20
112254.1121
 10
105420.9201
 20
112255.3991
 10
105419.4989
 20
112257.3497
 10
105418.1191
 20
112258.1831
 10
105417.2891
 20
112258.4341
 10
105409.9943
 20
112259.8817
 10
105409.3897
 20
112259.9977
 10
105409.9227
 20
112262.9621
 10
105406.2527
 20
112263.6543
 10
105407.6657
 20
112271.1833
 10
105408.2347
 20
112274.1981
 10
105411.2615
 20
112273.7571
 10
105413.0813
 20
112273.4919
 10
105413.5911
 20
112273.4177
 10
105414.5485
 20
112274.0663
 10
105414.5311
 20
112274.0921
 10
105416.3253
 20
112275.3023
 10
105416.3401
 20
112275.2801
 10
105420.2207
 20
112277.9873
 10
105419.9999
 20
112280.6729
 10
105418.8175
 20
112295.0505
 10
105417.1751
 20
112313.7641
 10
105416.8119
 20
112319.0197
 10
105416.7225
 20
112320.0253
 10
105416.5397
 20
112320.0091
 10
105416.4329
 20
112321.3351
 10
105416.5415
 20
112321.3443
 10
105416.6989
 20
112322.0989
 10
105416.3651
 20
112324.1595
 10
105415.3675
 20
112326.1465
 10
105413.8209
 20
112327.6599
 10
105413.8969
 20
112327.8701
 10
105412.4217
 20
112328.1933
 10
105412.4775
 20
112328.4857
 10
105411.0531
 20
112328.7571
 10
105410.9923
 20
112328.4331
 10
105393.6683
 20
112331.9333
 10
105394.2111
 20
112334.7757
 10
105395.8971
 20
112345.0479
 10
105396.4211
 20
112348.7839
 10
105406.3071
 20
112347.0333
 10
105410.1213
 20
112347.9957
 10
105408.8251
 20
112363.4781
 10
105409.7017
 20
112363.5515
 10
105409.3307
 20
112367.9989
 10
105408.4475
 20
112367.9893
 10
105408.3095
 20
112369.6475
 10
105406.6823
 20
112390.1281
 10
105403.6453
 20
112393.4535
 10
105392.7359
 20
112395.5035
 10
105395.3079
 20
112409.0931
 10
105397.3429
 20
112420.2789
 10
105397.3879
 20
112420.6724
 10
105397.3807
 20
112421.0683
 10
105392.8071
 20
112475.2735
 10
105401.3735
 20
112475.9963
 10
105396.4997
 20
112540.3807
 10
105395.7393
 20
112550.3365
 10
105395.3509
 20
112555.2909
 10
105394.6711
 20
112563.5355
 10
105394.0895
 20
112570.1007
 10
105393.3293
 20
112577.9577
 10
105392.5977
 20
112584.7973
 10
105392.0835
 20
112589.2159
 10
105391.9278
 20
112589.9893
 10
105391.6523
 20
112590.7286
 10
105391.264
 20
112591.4154
 10
105390.7725
 20
112592.0325
 10
105390.1901
 20
112592.5646
 10
105389.5312
 20
112592.9985
 10
105388.8122
 20
112593.3234
 10
105388.0511
 20
112593.5311
 10
105378.8081
 20
112595.2843
 10
105374.8731
 20
112595.9977
 10
105376.7873
 20
112606.3687
 10
105377.2947
 20
112609.1189
 10
105387.1227
 20
112607.3613
 10
105388.4607
 20
112607.9903
 10
105389.3925
 20
112609.6687
 10
105389.5955
 20
112611.0117
 10
105389.3899
 20
112612.2663
 10
105387.5629
 20
112621.0677
 10
105384.0273
 20
112637.8435
 10
105383.2527
 20
112637.8425
 10
105382.6141
 20
112640.5563
 10
105381.9753
 20
112643.2701
 10
105381.3365
 20
112645.9839
 10
105380.6979
 20
112648.6979
 10
105380.2445
 20
112648.7891
 10
105378.9579
 20
112654.1815
 10
105379.3935
 20
112654.1655
 10
105378.6749
 20
112657.2939
 10
105378.3051
 20
112657.5087
 10
105375.7149
 20
112658.1669
 10
105373.1335
 20
112675.3383
 10
105372.7837
 20
112677.4355
 10
105372.3287
 20
112677.5565
 10
105368.7619
 20
112699.3103
 10
105354.4515
 20
112753.3585
 10
105337.9219
 20
112758.7275
 10
105323.8061
 20
112763.3125
 10
105324.2143
 20
112764.6001
 10
105313.5091
 20
112768.2021
 10
105312.6971
 20
112768.4401
 10
105312.2591
 20
112768.5241
 10
105310.9491
 20
112768.9051
 10
105306.0401
 20
112770.4231
 10
105305.7745
 20
112770.5361
 10
105293.3541
 20
112774.4061
 10
105289.6941
 20
112775.5977
 10
105287.9911
 20
112776.1541
 10
105287.0291
 20
112776.4771
 10
105286.6591
 20
112776.6161
 10
105281.4881
 20
112778.2371
 10
105277.3591
 20
112779.4201
 10
105267.7009
 20
112782.6073
 10
105258.1345
 20
112785.7867
 10
105256.5071
 20
112784.3645
 10
105256.6323
 20
112777.5367
 10
105236.9679
 20
112776.7399
 10
105236.4833
 20
112792.7027
 10
105226.5091
 20
112796.0273
 10
105210.9121
 20
112801.0965
 10
105202.9235
 20
112803.6929
 10
105179.7183
 20
112811.2349
 10
105176.7095
 20
112812.2797
 10
105146.1715
 20
112822.1625
 10
105156.6529
 20
112854.5505
 10
105179.1955
 20
112847.2205
 10
105180.8141
 20
112846.7323
 10
105194.7067
 20
112842.4949
 10
105197.0225
 20
112841.7885
 10
105203.5783
 20
112839.7065
 10
105207.2021
 20
112840.4481
 10
105219.8773
 20
112849.6287
 10
105238.9901
 20
112863.5327
 10
105253.6379
 20
112873.9895
 10
105261.5421
 20
112879.6515
 10
105261.8963
 20
112879.2407
 10
105279.5331
 20
112891.3683
 10
105293.5037
 20
112900.5609
 10
105299.3577
 20
112904.3781
 10
105308.1637
 20
112909.3617
 10
105320.7943
 20
112916.4419
 10
105332.7787
 20
112928.7317
 10
105336.0707
 20
112941.1723
 10
105336.4431
 20
112942.2375
 10
105339.6801
 20
112953.1079
 10
105343.5529
 20
112965.6083
 10
105345.3983
 20
112971.6131
 10
105347.5179
 20
112978.7363
 10
105350.5825
 20
112988.5691
 10
105353.0135
 20
112996.5165
 10
105354.9269
 20
113002.8197
 10
105356.5159
 20
113008.0501
 10
105357.7657
 20
113012.0511
 10
105358.4211
 20
113014.2671
 10
105362.2081
 20
113026.6541
 10
105367.3211
 20
113043.2891
 10
105369.8141
 20
113051.3551
 10
105370.8177
 20
113054.5515
 10
105370.2417
 20
113054.8149
 10
105371.6915
 20
113059.4375
 10
105376.7971
 20
113075.9741
 10
105381.7211
 20
113092.1431
 10
105385.6501
 20
113106.3711
 10
105386.9791
 20
113112.5251
 10
105387.4761
 20
113114.5441
 10
105388.0761
 20
113117.7611
 10
105388.0641
 20
113118.9651
 10
105387.4741
 20
113120.0121
 10
105386.4691
 20
113121.0031
 10
105370.0133
 20
113126.9047
 10
105375.2157
 20
113141.1887
 10
105385.1985
 20
113137.6773
 10
105386.1809
 20
113137.4227
 10
105387.1922
 20
113137.3374
 10
105388.2034
 20
113137.4237
 10
105389.1856
 20
113137.6791
 10
105390.1107
 20
113138.0965
 10
105390.9521
 20
113138.6639
 10
105391.686
 20
113139.3649
 10
105392.2912
 20
113140.1796
 10
105392.7504
 20
113141.0846
 10
105393.0505
 20
113142.0541
 10
105393.1829
 20
113143.0603
 10
105393.2949
 20
113145.6353
 10
105393.3711
 20
113147.5963
 10
105393.5153
 20
113151.5749
 10
105394.5397
 20
113180.5291
 10
105394.8067
 20
113183.5239
 10
105394.4611
 20
113203.4851
 10
105394.1451
 20
113213.0031
 10
105393.5021
 20
113228.5001
 10
105382.9171
 20
113238.2493
 10
105382.8157
 20
113238.2417
 10
105382.4467
 20
113238.2437
 10
105382.4497
 20
113238.2947
 10
105382.4559
 20
113245.1661
 10
105382.4559
 20
113245.2661
 10
105382.4795
 20
113245.5569
 10
105382.1453
 20
113252.1941
 10
105381.8611
 20
113257.4933
 10
105381.7373
 20
113260.3959
 10
105381.7005
 20
113260.9193
 10
105381.3143
 20
113262.7299
 10
105380.2937
 20
113265.2933
 10
105380.2671
 20
113265.3265
 10
105382.2663
 20
113268.3203
 10
105380.8265
 20
113269.2819
 10
105373.3431
 20
113273.9131
 10
105367.2893
 20
113276.5655
 10
105373.6927
 20
113291.1805
 10
105382.1937
 20
113287.8251
 10
105383.0804
 20
113287.6938
 10
105383.9767
 20
113287.6858
 10
105384.8656
 20
113287.8013
 10
105385.7301
 20
113288.0381
 10
105388.2771
 20
113289.6039
 10
105389.0032
 20
113290.235
 10
105389.6277
 20
113290.9667
 10
105390.1369
 20
113291.7828
 10
105390.5195
 20
113292.6655
 10
105390.767
 20
113293.5951
 10
105390.8741
 20
113294.5511
 10
105390.6491
 20
113299.9731
 10
105390.3021
 20
113307.8061
 10
105390.1867
 20
113311.0309
 10
105389.3511
 20
113334.3769
 10
105389.2653
 20
113336.7729
 10
105389.0661
 20
113342.3415
 10
105387.1729
 20
113343.1541
 10
105387.1447
 20
113347.1053
 10
105389.3231
 20
113348.5141
 10
105389.6509
 20
113354.9289
 10
105390.2385
 20
113361.9959
 10
105391.4281
 20
113369.9003
 10
105393.1515
 20
113380.5137
 10
105394.9711
 20
113388.3435
 10
105394.5135
 20
113390.8189
 10
105393.7363
 20
113392.5397
 10
105391.5237
 20
113394.4829
 10
105388.8271
 20
113395.5617
 10
105380.0079
 20
113399.1167
 10
105382.0817
 20
113404.2453
 10
105384.5483
 20
113410.3807
 10
105393.7835
 20
113406.7225
 10
105395.2719
 20
113406.1329
 10
105397.9441
 20
113405.5709
 10
105399.9439
 20
113406.2103
 10
105401.0257
 20
113407.2515
 10
105401.9177
 20
113408.8441
 10
105403.0411
 20
113411.6039
 10
105404.2265
 20
113414.5119
 10
105406.7139
 20
113419.8887
 10
105409.2885
 20
113424.9569
 10
105413.8413
 20
113433.0969
 10
105415.2339
 20
113435.6627
 10
105415.6915
 20
113438.6829
 10
105415.6983
 20
113438.8579
 10
105414.8993
 20
113441.3037
 10
105413.7549
 20
113442.8935
 10
105412.7207
 20
113443.7063
 10
105411.6779
 20
113444.1287
 10
105408.0881
 20
113445.5833
 10
105402.4971
 20
113448.0951
 10
105407.8405
 20
113460.3577
 10
105412.0461
 20
113470.0133
 10
105413.2117
 20
113472.7045
 10
105415.8671
 20
113471.6193
 10
105423.6867
 20
113468.1225
 10
105430.3041
 20
113465.6729
 10
105432.7263
 20
113465.6375
 10
105435.0789
 20
113467.0783
 10
105436.4149
 20
113468.3033
 10
105437.2101
 20
113469.4013
 10
105439.6987
 20
113472.8381
 10
105442.7061
 20
113477.2747
 10
105444.7213
 20
113480.2475
 10
105451.2741
 20
113489.6389
 10
105453.9317
 20
113493.6631
 10
105454.0833
 20
113493.7017
 10
105456.6011
 20
113497.5763
 10
105458.9325
 20
113501.1637
 10
105461.2227
 20
113504.5909
 10
105464.9169
 20
113510.1191
 10
105465.7837
 20
113511.4055
 10
105470.1939
 20
113517.9493
 10
105474.0251
 20
113523.7147
 10
105474.9081
 20
113525.0329
 10
105478.7555
 20
113530.7185
 10
105481.9699
 20
113535.4229
 10
105483.9657
 20
113538.4297
 10
105486.1175
 20
113541.6719
 10
105488.5445
 20
113545.3827
 10
105490.5495
 20
113548.4485
 10
105492.7713
 20
113552.0621
 10
105493.2715
 20
113552.8757
 10
105496.9643
 20
113558.9615
 10
105499.2051
 20
113562.9263
 10
105500.3883
 20
113565.1319
 10
105500.9623
 20
113566.1789
 10
105502.9321
 20
113569.7711
 10
105504.6665
 20
113573.1193
 10
105508.3759
 20
113580.3201
 10
105508.9141
 20
113581.3677
 10
105511.8669
 20
113587.6639
 10
105512.3117
 20
113588.5323
 10
105515.2769
 20
113594.7125
 10
105515.4509
 20
113595.2187
 10
105518.8097
 20
113602.4725
 10
105521.5567
 20
113608.3795
 10
105524.9363
 20
113615.7833
 10
105528.3149
 20
113623.2571
 10
105528.0211
 20
113623.3777
 10
105528.1333
 20
113624.1795
 10
105528.2187
 20
113625.0391
 10
105528.1171
 20
113625.9609
 10
105527.7109
 20
113627.7971
 10
105527.0975
 20
113628.9983
 10
105526.3673
 20
113630.2345
 10
105525.3517
 20
113631.4375
 10
105525.1875
 20
113631.5391
 10
105524.2969
 20
113632.0703
 10
105522.8481
 20
113632.7311
 10
105524.2469
 20
113636.2687
 10
105527.3419
 20
113643.1003
 10
105524.9687
 20
113644.1753
 10
105526.1795
 20
113646.8479
 10
105530.7223
 20
113644.8393
 10
105531.4969
 20
113644.6531
 10
105534.2759
 20
113644.3651
 10
105534.9161
 20
113644.5433
 10
105535.7589
 20
113644.7779
 10
105536.8853
 20
113645.0915
 10
105538.3743
 20
113646.1301
 10
105539.2109
 20
113647.2961
 10
105539.6179
 20
113647.8663
 10
105540.6055
 20
113650.0179
 10
105541.9721
 20
113652.8937
 10
105544.1591
 20
113657.3861
 10
105544.2641
 20
113657.6121
 10
105546.0135
 20
113661.5005
 10
105546.1137
 20
113661.7231
 10
105546.2203
 20
113661.9045
 10
105546.4011
 20
113661.8071
 10
105550.0571
 20
113669.8891
 10
105552.7025
 20
113675.5055
 10
105555.5381
 20
113681.5251
 10
105556.2771
 20
113682.9943
 10
105557.2035
 20
113684.9237
 10
105557.3401
 20
113685.1971
 10
105558.2469
 20
113686.9261
 10
105560.7621
 20
113691.6425
 10
105562.3893
 20
113694.7233
 10
105562.4061
 20
113694.7551
 10
105567.3331
 20
113703.1941
 10
105568.2421
 20
113704.6671
 10
105570.5461
 20
113708.4695
 10
105572.9671
 20
113712.4571
 10
105563.2517
 20
113716.6751
 10
105564.9487
 20
113720.3547
 10
105569.0577
 20
113718.5091
 10
105572.7543
 20
113726.9337
 10
105573.6217
 20
113728.9101
 10
105582.5217
 20
113724.8991
 10
105585.4607
 20
113728.3761
 10
105586.3605
 20
113729.4485
 10
105589.4291
 20
113733.0711
 10
105589.5203
 20
113733.1773
 10
105591.8555
 20
113735.8687
 10
105593.5787
 20
113737.8717
 10
105597.8037
 20
113742.4393
 10
105602.3217
 20
113747.3461
 10
105607.1343
 20
113752.3505
 10
105610.9811
 20
113756.4057
 10
105614.3619
 20
113759.9131
 10
105616.3333
 20
113761.9609
 10
105620.0647
 20
113765.8139
 10
105621.4571
 20
113767.2517
 10
105625.6979
 20
113771.7649
 10
105626.4891
 20
113772.6021
 10
105626.4651
 20
113772.6465
 10
105629.0369
 20
113775.2885
 10
105635.3201
 20
113781.4819
 10
105639.4245
 20
113785.8287
 10
105642.1385
 20
113788.5503
 10
105643.6477
 20
113790.0637
 10
105644.2049
 20
113790.7357
 10
105646.7083
 20
113795.1715
 10
105651.1577
 20
113803.0557
 10
105654.3525
 20
113808.7099
 10
105655.5355
 20
113810.7943
 10
105658.1999
 20
113815.5277
 10
105659.9271
 20
113818.5963
 10
105661.6963
 20
113821.8185
 10
105662.4767
 20
113823.2397
 10
105664.3183
 20
113826.5139
 10
105664.2105
 20
113827.2161
 10
105663.8641
 20
113827.8533
 10
105663.3921
 20
113828.1315
 10
105658.1749
 20
113830.4143
 10
105650.5209
 20
113833.8761
 10
105652.0141
 20
113837.2751
 10
105658.1231
 20
113842.4103
 10
105660.1401
 20
113846.9797
 10
105664.2721
 20
113845.1907
 10
105664.8995
 20
113846.6397
 10
105664.9913
 20
113846.6001
 10
105665.48
 20
113846.0458
 10
105666.0535
 20
113845.5797
 10
105666.6959
 20
113845.2144
 10
105667.3897
 20
113844.9599
 10
105668.1159
 20
113844.8233
 10
105668.8548
 20
113844.8083
 10
105669.586
 20
113844.9152
 10
105670.2896
 20
113845.1411
 10
105670.9464
 20
113845.4799
 10
105671.5383
 20
113845.9223
 10
105672.0493
 20
113846.4562
 10
105672.4652
 20
113847.067
 10
105672.7749
 20
113847.738
 10
105672.9697
 20
113848.4509
 10
105673.0444
 20
113849.1861
 10
105672.9969
 20
113849.9235
 10
105672.8285
 20
113850.6431
 10
105672.5439
 20
113851.3251
 10
105673.3893
 20
113851.8461
 10
105674.4009
 20
113857.8101
 10
105674.8529
 20
113860.3903
 10
105675.5793
 20
113864.4377
 10
105675.9013
 20
113866.2489
 10
105676.9041
 20
113872.2467
 10
105677.5887
 20
113876.3619
 10
105677.8337
 20
113877.7929
 10
105678.1587
 20
113884.5669
 10
105678.2221
 20
113886.3141
 10
105678.2731
 20
113887.6701
 10
105678.3965
 20
113889.5247
 10
105678.4303
 20
113890.0479
 10
105678.0095
 20
113890.0699
 10
105678.0111
 20
113890.1061
 10
105678.1401
 20
113894.0751
 10
105678.4021
 20
113899.5911
 10
105678.6369
 20
113902.3881
 10
105678.6933
 20
113903.6283
 10
105678.7341
 20
113904.5231
 10
105677.6701
 20
113904.8871
 10
105679.2971
 20
113909.1131
 10
105679.8751
 20
113910.5241
 10
105679.2839
 20
113910.7887
 10
105679.8767
 20
113914.7461
 10
105679.8801
 20
113916.4161
 10
105679.7647
 20
113921.2717
 10
105679.6495
 20
113926.1275
 10
105680.4291
 20
113946.8003
 10
105681.3091
 20
113968.8203
 10
105672.3093
 20
113972.3193
 10
105670.5118
 20
113975.786
 10
105668.2435
 20
113978.9646
 10
105665.5497
 20
113981.7918
 10
105662.4843
 20
113984.211
 10
105659.1085
 20
113986.1739
 10
105662.0905
 20
113993.6449
 10
105662.1935
 20
113994.0941
 10
105663.2149
 20
113996.4761
 10
105659.7631
 20
113998.0835
 10
105646.7699
 20
114003.9825
 10
105646.7873
 20
114004.0205
 10
105658.3791
 20
114029.3561
 10
105659.5097
 20
114028.9549
 10
105663.5257
 20
114027.1339
 10
105664.3597
 20
114026.8045
 10
105671.5869
 20
114024.0473
 10
105671.7449
 20
114023.9297
 10
105675.3599
 20
114023.3105
 10
105675.8223
 20
114023.3843
 10
105678.6993
 20
114023.8441
 10
105681.2019
 20
114025.2665
 10
105681.4377
 20
114025.4385
 10
105684.4435
 20
114027.6325
 10
105684.8801
 20
114029.0309
 10
105686.0327
 20
114034.4149
 10
105686.4305
 20
114036.2745
 10
105687.2885
 20
114040.2505
 10
105688.6199
 20
114046.3269
 10
105689.6541
 20
114051.2225
 10
105690.8509
 20
114050.7489
 10
105692.6833
 20
114057.1847
 10
105694.2615
 20
114062.7199
 10
105694.8063
 20
114064.9613
 10
105696.1307
 20
114070.4113
 10
105701.0637
 20
114086.2525
 10
105701.5231
 20
114087.7253
 10
105701.7221
 20
114089.0295
 10
105701.3117
 20
114090.7149
 10
105700.5149
 20
114091.8937
 10
105699.5395
 20
114092.5997
 10
105694.9311
 20
114094.6153
 10
105694.7477
 20
114094.6955
 10
105694.2417
 20
114094.7951
 10
105693.5069
 20
114094.3443
 10
105693.4799
 20
114094.2885
 10
105690.1957
 20
114095.7523
 10
105687.8027
 20
114096.8191
 10
105689.3683
 20
114100.2969
 10
105692.4375
 20
114107.3181
 10
105695.7255
 20
114105.8679
 10
105696.6819
 20
114108.0365
 10
105698.5089
 20
114107.2815
 10
105699.9375
 20
114107.0487
 10
105701.4401
 20
114107.1903
 10
105703.0161
 20
114107.7391
 10
105704.3541
 20
114108.6877
 10
105705.1553
 20
114109.5907
 10
105705.6291
 20
114110.4115
 10
105707.3707
 20
114114.7905
 10
105708.4277
 20
114117.4835
 10
105709.5997
 20
114120.4779
 10
105710.1853
 20
114121.9737
 10
105712.4653
 20
114127.6923
 10
105713.4777
 20
114130.2083
 10
105713.6985
 20
114130.5749
 10
105714.4931
 20
114130.2109
 10
105717.1805
 20
114134.6171
 10
105719.7119
 20
114138.6483
 10
105724.1807
 20
114145.3123
 10
105725.5713
 20
114147.0857
 10
105728.1809
 20
114150.7419
 10
105730.8683
 20
114154.1481
 10
105734.8781
 20
114160.0267
 10
105741.8685
 20
114170.1011
 10
105747.3373
 20
114178.1167
 10
105747.6811
 20
114178.6323
 10
105755.2435
 20
114191.1323
 10
105757.0241
 20
114193.8867
 10
105758.4169
 20
114196.1017
 10
105763.4155
 20
114203.6037
 10
105767.4897
 20
114209.5529
 10
105767.3125
 20
114209.6479
 10
105768.6887
 20
114211.6575
 10
105768.7719
 20
114211.6129
 10
105768.8487
 20
114211.5905
 10
105769.0993
 20
114211.9975
 10
105768.9855
 20
114212.0601
 10
105770.7947
 20
114214.7521
 10
105770.9201
 20
114214.6905
 10
105772.6689
 20
114217.4333
 10
105775.9989
 20
114222.5827
 10
105780.2123
 20
114229.1009
 10
105786.7449
 20
114238.3191
 10
105789.3693
 20
114242.2197
 10
105791.8679
 20
114246.0087
 10
105794.3035
 20
114249.6883
 10
105796.7521
 20
114253.3851
 10
105799.1823
 20
114257.0765
 10
105801.5785
 20
114260.7383
 10
105803.9465
 20
114264.4437
 10
105805.9983
 20
114267.7925
 10
105807.2175
 20
114269.9029
 10
105808.2193
 20
114271.6795
 10
105810.6355
 20
114276.2659
 10
105811.0375
 20
114277.1007
 10
105812.6757
 20
114280.5035
 10
105814.5497
 20
114284.8255
 10
105814.9039
 20
114285.6423
 10
105814.7215
 20
114285.7257
 10
105816.0015
 20
114289.1063
 10
105816.4281
 20
114290.2331
 10
105816.6111
 20
114290.1517
 10
105816.9463
 20
114290.9761
 10
105817.6461
 20
114292.6977
 10
105819.0585
 20
114297.2463
 10
105819.9399
 20
114299.9911
 10
105820.0793
 20
114300.4253
 10
105821.1767
 20
114304.2653
 10
105822.3551
 20
114309.4619
 10
105822.9573
 20
114312.1171
 10
105823.3117
 20
114313.7039
 10
105823.7705
 20
114315.7575
 10
105824.0423
 20
114317.3451
 10
105824.4621
 20
114319.7987
 10
105825.0195
 20
114323.7851
 10
105825.1509
 20
114325.1991
 10
105825.3923
 20
114327.7979
 10
105825.7417
 20
114332.9821
 10
105825.9271
 20
114335.7325
 10
105826.3675
 20
114339.3237
 10
105826.9459
 20
114347.1875
 10
105827.2663
 20
114363.1049
 10
105826.7401
 20
114363.3365
 10
105826.8505
 20
114363.5541
 10
105827.1227
 20
114370.5711
 10
105827.0857
 20
114371.6813
 10
105827.0657
 20
114372.2811
 10
105827.0487
 20
114372.7917
 10
105827.2165
 20
114376.1151
 10
105827.2505
 20
114379.6777
 10
105827.3089
 20
114380.1941
 10
105827.4195
 20
114382.8143
 10
105827.8973
 20
114391.7043
 10
105827.9701
 20
114393.0565
 10
105826.9963
 20
114393.4949
 10
105828.0237
 20
114395.7787
 10
105828.0189
 20
114395.9997
 10
105828.2303
 20
114397.8755
 10
105827.4849
 20
114398.2357
 10
105828.0757
 20
114399.4849
 10
105828.3943
 20
114399.3295
 10
105828.4879
 20
114400.1609
 10
105829.3515
 20
114407.8237
 10
105829.4173
 20
114408.4065
 10
105830.1977
 20
114415.3313
 10
105814.0771
 20
114423.0939
 10
105808.3425
 20
114425.7945
 10
105809.5591
 20
114428.3559
 10
105812.8459
 20
114435.3193
 10
105814.0687
 20
114437.8517
 10
105819.4787
 20
114435.2821
 10
105822.7195
 20
114433.7167
 10
105823.2597
 20
114433.4557
 10
105824.5481
 20
114432.9053
 10
105826.4887
 20
114432.0761
 10
105828.7073
 20
114431.9995
 10
105830.4229
 20
114432.7679
 10
105831.6253
 20
114433.4991
 10
105832.4947
 20
114434.4129
 10
105833.2583
 20
114435.5869
 10
105833.5657
 20
114436.1037
 10
105831.1809
 20
114437.1817
 10
105833.7775
 20
114442.7733
 10
105833.2351
 20
114443.0223
 10
105834.8383
 20
114446.3487
 10
105835.3019
 20
114446.1359
 10
105835.3479
 20
114446.4113
 10
105836.2291
 20
114451.6877
 10
105836.3445
 20
114451.7349
 10
105836.6969
 20
114453.7991
 10
105837.5047
 20
114458.5315
 10
105837.9521
 20
114461.1527
 10
105838.7823
 20
114466.0161
 10
105840.3841
 20
114473.3933
 10
105841.8189
 20
114480.0023
 10
105843.5113
 20
114486.8561
 10
105845.2501
 20
114493.8977
 10
105846.5119
 20
114500.3261
 10
105847.0465
 20
114503.2885
 10
105847.2477
 20
114505.2249
 10
105847.2951
 20
114507.4837
 10
105847.1259
 20
114508.4449
 10
105846.4233
 20
114512.4365
 10
105846.1971
 20
114512.8345
 10
105845.0125
 20
114514.9197
 10
105843.2461
 20
114516.9741
 10
105841.1875
 20
114518.7747
 10
105839.3187
 20
114519.7447
 10
105835.7301
 20
114521.2171
 10
105837.6965
 20
114525.5675
 10
105840.7037
 20
114532.2205
 10
105844.9707
 20
114530.2019
 10
105845.2825
 20
114531.8187
 10
105849.8377
 20
114555.4379
 10
105852.9451
 20
114562.0593
 10
105852.0541
 20
114562.4065
 10
105844.1969
 20
114566.1291
 10
105846.9687
 20
114573.4067
 10
105849.5527
 20
114580.2493
 10
105854.7769
 20
114594.0291
 10
105865.6093
 20
114589.9523
 10
105865.9241
 20
114590.7857
 10
105867.6345
 20
114595.3733
 10
105867.8615
 20
114595.9717
 10
105868.7639
 20
114598.3525
 10
105870.3555
 20
114602.6755
 10
105871.7139
 20
114606.2541
 10
105873.3221
 20
114610.4815
 10
105876.1761
 20
114618.0471
 10
105877.7571
 20
114622.2523
 10
105880.2835
 20
114629.2327
 10
105882.0941
 20
114634.0595
 10
105884.3841
 20
114639.9595
 10
105885.9531
 20
114644.1201
 10
105879.7957
 20
114646.4263
 10
105875.4419
 20
114648.0093
 10
105876.0899
 20
114649.8759
 10
105877.3715
 20
114653.5661
 10
105879.9655
 20
114661.0361
 10
105881.4203
 20
114660.5309
 10
105889.2531
 20
114657.7255
 10
105894.4305
 20
114672.1783
 10
105898.2113
 20
114682.4977
 10
105893.5141
 20
114684.2187
 10
105893.2053
 20
114684.3627
 10
105892.9254
 20
114684.5571
 10
105892.6826
 20
114684.7961
 10
105892.4839
 20
114685.0729
 10
105892.3351
 20
114685.3794
 10
105892.2405
 20
114685.7068
 10
105892.2028
 20
114686.0454
 10
105892.2231
 20
114686.3855
 10
105892.3009
 20
114686.7173
 10
105892.9211
 20
114688.6173
 10
105900.2181
 20
114713.8357
 10
105900.4598
 20
114714.466
 10
105900.804
 20
114715.0467
 10
105901.241
 20
114715.5613
 10
105901.7584
 20
114715.995
 10
105902.3412
 20
114716.3356
 10
105902.9731
 20
114716.5733
 10
105903.6359
 20
114716.7013
 10
105907.7193
 20
114717.1371
 10
105908.1526
 20
114717.3858
 10
105908.545
 20
114717.695
 10
105908.8883
 20
114718.058
 10
105909.175
 20
114718.467
 10
105909.3991
 20
114718.9135
 10
105909.5559
 20
114719.3879
 10
105910.1165
 20
114722.6899
 10
105910.5641
 20
114725.7535
 10
105910.9945
 20
114729.1775
 10
105911.3273
 20
114732.2537
 10
105911.6613
 20
114735.8205
 10
105911.8655
 20
114738.2817
 10
105912.1447
 20
114742.5223
 10
105907.8037
 20
114744.2403
 10
105907.8131
 20
114744.3829
 10
105897.6237
 20
114748.7129
 10
105902.7053
 20
114760.6707
 10
105912.8881
 20
114756.3393
 10
105913.1545
 20
114756.9547
 10
105913.3947
 20
114761.5691
 10
105913.4527
 20
114762.6829
 10
105913.5485
 20
114764.5237
 10
105913.5575
 20
114764.6955
 10
105913.5577
 20
114764.6999
 10
105913.5617
 20
114764.7777
 10
105913.7517
 20
114768.9491
 10
105913.7633
 20
114769.2051
 10
105913.7637
 20
114769.2131
 10
105913.8975
 20
114772.1557
 10
105913.8977
 20
114772.1593
 10
105913.9693
 20
114773.7313
 10
105913.9905
 20
114774.1965
 10
105913.8961
 20
114774.7121
 10
105914.1313
 20
114778.2863
 10
105914.5975
 20
114784.7491
 10
105915.4633
 20
114794.0505
 10
105915.5019
 20
114794.7173
 10
105915.5337
 20
114795.2657
 10
105915.5399
 20
114795.3723
 10
105915.5455
 20
114795.4691
 10
105915.7191
 20
114798.4593
 10
105915.7377
 20
114798.7817
 10
105915.7825
 20
114799.5541
 10
105915.8115
 20
114800.0527
 10
105915.9985
 20
114803.2785
 10
105916.0085
 20
114803.4509
 10
105916.0229
 20
114803.6989
 10
105916.0371
 20
114803.9427
 10
105916.7533
 20
114813.7067
 10
105917.0589
 20
114819.9295
 10
105917.4565
 20
114825.9725
 10
105917.5273
 20
114826.4045
 10
105914.1107
 20
114827.1795
 10
105912.2115
 20
114827.6103
 10
105913.0881
 20
114831.6407
 10
105915.0589
 20
114831.2233
 10
105915.1713
 20
114831.6777
 10
105915.3929
 20
114832.5727
 10
105916.3709
 20
114836.5257
 10
105917.4857
 20
114841.0307
 10
105917.4893
 20
114841.0453
 10
105917.4919
 20
114841.0557
 10
105917.4945
 20
114841.0663
 10
105917.7149
 20
114841.9567
 10
105917.8405
 20
114842.4643
 10
105917.9313
 20
114842.8475
 10
105918.4963
 20
114845.2267
 10
105918.5113
 20
114845.2903
 10
105918.6461
 20
114845.8577
 10
105919.0675
 20
114847.6327
 10
105919.2189
 20
114848.2709
 10
105919.2563
 20
114848.4279
 10
105919.3561
 20
114848.8481
 10
105919.3573
 20
114848.8539
 10
105919.8395
 20
114850.8851
 10
105919.8467
 20
114850.9155
 10
105919.8661
 20
114850.9965
 10
105919.8827
 20
114851.0665
 10
105919.7765
 20
114851.3471
 10
105919.5083
 20
114851.4371
 10
105919.2425
 20
114851.5259
 10
105919.3683
 20
114853.6229
 10
105919.37
 20
114853.6505
 10
105919.4855
 20
114855.5729
 10
105919.5513
 20
114856.6725
 10
105919.552
 20
114856.6837
 10
105919.7899
 20
114860.6471
 10
105919.8053
 20
114860.9032
 10
105919.8062
 20
114860.918
 10
105919.8469
 20
114861.5965
 10
105920.0851
 20
114865.5664
 10
105920.0883
 20
114865.6171
 10
105920.1995
 20
114867.4714
 10
105920.2001
 20
114867.4811
 10
105920.3067
 20
114869.2549
 10
105920.3885
 20
114870.6204
 10
105920.4611
 20
114871.8278
 10
105920.4663
 20
114871.9159
 10
105920.5283
 20
114872.9475
 10
105920.5421
 20
114873.2186
 10
105920.6199
 20
114874.7353
 10
105920.7135
 20
114876.5634
 10
105920.7334
 20
114876.9518
 10
105920.8268
 20
114878.7756
 10
105920.8509
 20
114879.2445
 10
105920.8845
 20
114879.9007
 10
105920.8847
 20
114879.9037
 10
105920.9101
 20
114880.4003
 10
105921.0057
 20
114881.4697
 10
105920.9977
 20
114881.6261
 10
105921.6753
 20
114887.5809
 10
105922.0009
 20
114888.5963
 10
105921.7917
 20
114888.6437
 10
105921.9331
 20
114889.9349
 10
105922.1507
 20
114894.2035
 10
105922.1967
 20
114894.3451
 10
105922.3175
 20
114897.7461
 10
105922.4119
 20
114898.6049
 10
105922.7031
 20
114900.6167
 10
105923.9441
 20
114913.7691
 10
105924.4515
 20
114918.0373
 10
105924.9537
 20
114922.2855
 10
105927.0157
 20
114936.7637
 10
105924.1735
 20
114937.9147
 10
105924.4819
 20
114939.1051
 10
105924.4837
 20
114939.1127
 10
105925.1239
 20
114942.0743
 10
105925.2007
 20
114942.4297
 10
105925.2861
 20
114942.8245
 10
105925.2939
 20
114942.8605
 10
105925.3007
 20
114942.8921
 10
105925.8095
 20
114945.2459
 10
105925.8767
 20
114945.5561
 10
105926.0525
 20
114946.3693
 10
105926.0961
 20
114946.5715
 10
105926.6077
 20
114948.3799
 10
105926.6195
 20
114948.4219
 10
105926.6341
 20
114948.4733
 10
105927.0287
 20
114949.8683
 10
105927.1189
 20
114950.1867
 10
105927.9549
 20
114953.1421
 10
105927.9573
 20
114953.1507
 10
105928.1009
 20
114953.6587
 10
105928.1453
 20
114953.8787
 10
105928.7557
 20
114956.9049
 10
105928.8033
 20
114957.1409
 10
105928.8855
 20
114957.5483
 10
105929.3177
 20
114959.6915
 10
105929.3219
 20
114959.7119
 10
105929.3229
 20
114959.7171
 10
105929.4761
 20
114960.4761
 10
105929.6713
 20
114961.4438
 10
105930.1417
 20
114963.7761
 10
105930.1587
 20
114963.8599
 10
105930.1595
 20
114963.8639
 10
105930.4347
 20
114965.2285
 10
105931.1745
 20
114968.8967
 10
105931.4411
 20
114970.2179
 10
105931.7441
 20
114971.7205
 10
105926.7303
 20
114972.8727
 10
105926.3931
 20
114972.9503
 10
105926.1759
 20
114973.0001
 10
105926.1469
 20
114973.0069
 10
105926.0033
 20
114973.0399
 10
105920.1137
 20
114974.3651
 10
105922.4769
 20
114984.9483
 10
105931.6913
 20
114981.9555
 10
105932.4493
 20
114993.0325
 10
105932.463
 20
114993.276
 10
105932.5255
 20
114994.3857
 10
105932.5285
 20
114994.4411
 10
105932.5361
 20
114994.5779
 10
105932.5369
 20
114994.5899
 10
105932.7145
 20
114997.6347
 10
105932.7159
 20
114997.6541
 10
105932.7605
 20
114998.5719
 10
105932.8063
 20
114999.3719
 10
105933.0453
 20
115003.6165
 10
105932.1085
 20
115003.8653
 10
105932.4111
 20
115008.4133
 10
105932.4123
 20
115008.4307
 10
105932.4125
 20
115008.4339
 10
105932.4307
 20
115008.7315
 10
105932.4309
 20
115008.7341
 10
105932.4318
 20
115008.7497
 10
105932.4583
 20
115009.1789
 10
105932.4605
 20
115009.3903
 10
105932.5039
 20
115013.5821
 10
105932.5041
 20
115013.5893
 10
105932.5041
 20
115013.6087
 10
105932.5313
 20
115016.2249
 10
105932.5349
 20
115016.5683
 10
105932.5181
 20
115016.8911
 10
105932.3905
 20
115019.3549
 10
105932.3902
 20
115019.3583
 10
105932.3901
 20
115019.3609
 10
105932.2866
 20
115021.3577
 10
105932.2861
 20
115021.3663
 10
105932.1431
 20
115024.1213
 10
105932.1429
 20
115024.1257
 10
105932.0405
 20
115026.1001
 10
105931.8274
 20
115027.7799
 10
105931.5806
 20
115029.7243
 10
105931.5187
 20
115030.2131
 10
105931.2827
 20
115032.0719
 10
105931.1645
 20
115033.0045
 10
105930.8921
 20
115035.1503
 10
105930.7985
 20
115035.9175
 10
105930.4291
 20
115038.9465
 10
105930.3947
 20
115039.2287
 10
105930.0599
 20
115041.9729
 10
105929.9519
 20
115042.8583
 10
105929.8441
 20
115043.7419
 10
105929.8443
 20
115043.8347
 10
105930.1799
 20
115045.3441
 10
105928.5637
 20
115045.4779
 10
105928.2335
 20
115047.1595
 10
105927.1283
 20
115046.9741
 10
105926.6443
 20
115049.5293
 10
105924.2443
 20
115062.2005
 10
105924.0897
 20
115063.0169
 10
105924.0457
 20
115063.2293
 10
105923.7585
 20
115064.6198
 10
105923.4851
 20
115065.9421
 10
105922.6997
 20
115069.7433
 10
105922.4445
 20
115070.9777
 10
105922.3151
 20
115071.6043
 10
105921.6433
 20
115074.8551
 10
105921.5815
 20
115075.0741
 10
105921.3265
 20
115075.9761
 10
105920.4811
 20
115078.9671
 10
105920.4777
 20
115078.9787
 10
105919.7839
 20
115081.4337
 10
105919.5429
 20
115082.2859
 10
105919.4735
 20
115082.5313
 10
105916.2681
 20
115094.1507
 10
105913.4937
 20
115103.5537
 10
105913.2043
 20
115104.2717
 10
105910.8485
 20
115110.1177
 10
105910.7849
 20
115110.2753
 10
105910.7413
 20
115110.3833
 10
105910.1245
 20
115111.9141
 10
105909.9763
 20
115112.2631
 10
105909.9241
 20
115112.3849
 10
105908.8679
 20
115114.8521
 10
105908.3089
 20
115116.1581
 10
105908.2699
 20
115116.2489
 10
105908.2351
 20
115116.3301
 10
105907.8705
 20
115117.0931
 10
105905.1387
 20
115123.4771
 10
105904.6173
 20
115123.5829
 10
105904.2643
 20
115123.6545
 10
105899.4305
 20
115124.6435
 10
105899.2359
 20
115124.6905
 10
105893.9085
 20
115125.8607
 10
105894.4157
 20
115128.4317
 10
105895.8615
 20
115135.7113
 10
105893.8487
 20
115136.1573
 10
105894.2933
 20
115138.1641
 10
105897.4365
 20
115137.5651
 10
105899.3111
 20
115137.2081
 10
105899.5207
 20
115138.9119
 10
105899.7347
 20
115140.6527
 10
105899.9159
 20
115142.0478
 10
105899.9619
 20
115142.4993
 10
105900.0037
 20
115142.8387
 10
105900.0439
 20
115143.1657
 10
105900.0659
 20
115143.3459
 10
105900.1301
 20
115143.8663
 10
105900.3401
 20
115145.5741
 10
105903.0729
 20
115145.1853
 10
105903.0915
 20
115145.8155
 10
105903.1407
 20
115147.4799
 10
105902.2053
 20
115147.7655
 10
105902.2747
 20
115148.5179
 10
105902.2751
 20
115148.5227
 10
105902.3079
 20
115148.8775
 10
105902.3583
 20
115149.4243
 10
105902.3585
 20
115149.4277
 10
105902.4215
 20
115150.1103
 10
105902.4225
 20
115150.1213
 10
105902.4719
 20
115150.6567
 10
105902.3799
 20
115152.2897
 10
105902.3737
 20
115152.3989
 10
105902.2497
 20
115152.8691
 10
105902.2455
 20
115152.8853
 10
105902.2437
 20
115152.8921
 10
105902.1862
 20
115153.1101
 10
105902.1615
 20
115153.2035
 10
105900.6561
 20
115158.6029
 10
105900.6361
 20
115158.6745
 10
105900.6109
 20
115158.7645
 10
105900.5665
 20
115158.9255
 10
105900.3505
 20
115159.7477
 10
105900.1909
 20
115160.3587
 10
105899.4935
 20
115163.0269
 10
105899.2275
 20
115164.0449
 10
105898.9989
 20
115164.9195
 10
105898.3193
 20
115167.5195
 10
105898.0099
 20
115168.7033
 10
105897.7323
 20
115169.7657
 10
105896.3235
 20
115175.3273
 10
105896.2239
 20
115175.7205
 10
105896.1583
 20
115175.9805
 10
105896.0991
 20
115176.2143
 10
105896.0295
 20
115176.4899
 10
105895.9529
 20
115176.7929
 10
105893.8937
 20
115184.9353
 10
105893.8043
 20
115185.2895
 10
105893.7055
 20
115185.6801
 10
105893.5231
 20
115186.4009
 10
105892.7801
 20
115189.3391
 10
105891.5017
 20
115194.3945
 10
105891.4475
 20
115194.6089
 10
105889.5419
 20
115203.7419
 10
105888.5739
 20
115212.5841
 10
105888.3561
 20
115215.5763
 10
105884.1705
 20
115216.5865
 10
105884.1851
 20
115216.7887
 10
105884.9175
 20
115226.9089
 10
105885.5131
 20
115235.1391
 10
105885.0931
 20
115243.7605
 10
105884.7666
 20
115250.4854
 10
105884.7533
 20
115250.7603
 10
105884.6181
 20
115256.4868
 10
105884.6173
 20
115256.5159
 10
105884.6429
 20
115262.895
 10
105884.6431
 20
115262.9432
 10
105884.6455
 20
115263.5315
 10
105884.6371
 20
115264.0375
 10
105884.6293
 20
115264.5185
 10
105884.5539
 20
115271.8605
 10
105884.5537
 20
115271.8643
 10
105884.5475
 20
115272.4703
 10
105884.5465
 20
115272.7161
 10
105884.5463
 20
115272.7475
 10
105884.5219
 20
115278.5339
 10
105884.5229
 20
115278.7747
 10
105884.5229
 20
115278.8099
 10
105884.5735
 20
115291.0589
 10
105884.5737
 20
115291.2581
 10
105884.5737
 20
115291.2977
 10
105884.5739
 20
115291.3641
 10
105884.5829
 20
115299.9087
 10
105884.5827
 20
115300.1201
 10
105884.5827
 20
115300.1647
 10
105884.5827
 20
115300.2133
 10
105884.5779
 20
115305.9143
 10
105884.5787
 20
115306.1151
 10
105884.5791
 20
115306.1663
 10
105884.5797
 20
115306.2993
 10
105884.6223
 20
115315.1801
 10
105884.6285
 20
115335.4413
 10
105884.5837
 20
115348.1829
 10
105884.5809
 20
115352.2653
 10
105884.7057
 20
115377.3815
 10
105874.0097
 20
115379.9019
 10
105875.2951
 20
115385.4061
 10
105880.5207
 20
115384.1885
 10
105880.6499
 20
115384.1583
 10
105884.7363
 20
115383.4647
 10
105884.6341
 20
115388.9701
 10
105884.6339
 20
115388.9779
 10
105884.6313
 20
115389.1166
 10
105884.6293
 20
115389.2207
 10
105884.5937
 20
115395.9819
 10
105884.5931
 20
115396.1307
 10
105884.593
 20
115396.1341
 10
105884.5923
 20
115396.2521
 10
105884.8063
 20
115402.8605
 10
105884.8069
 20
115402.8775
 10
105884.8083
 20
115402.9199
 10
105884.8089
 20
115402.9389
 10
105884.8135
 20
115403.0777
 10
105884.957
 20
115407.509
 10
105884.9575
 20
115407.5259
 10
105884.9603
 20
115407.6111
 10
105885.1489
 20
115407.8015
 10
105885.3691
 20
115411.0671
 10
105885.3773
 20
115411.1883
 10
105885.6303
 20
115414.9405
 10
105885.6437
 20
115415.1409
 10
105885.7165
 20
115415.7631
 10
105885.7176
 20
115415.7728
 10
105885.7184
 20
115415.7802
 10
105885.7187
 20
115415.7827
 10
105885.7191
 20
115415.7867
 10
105885.7235
 20
115415.8241
 10
105885.7259
 20
115415.8287
 10
105885.7327
 20
115415.9109
 10
105885.7405
 20
115416.0017
 10
105886.3933
 20
115423.7754
 10
105886.3943
 20
115423.7867
 10
105886.3947
 20
115423.7907
 10
105886.4145
 20
115424.0279
 10
105886.4415
 20
115424.0315
 10
105886.5489
 20
115424.8401
 10
105887.044
 20
115428.5664
 10
105887.0711
 20
115428.7705
 10
105888.2028
 20
115436.5568
 10
105888.2389
 20
115436.8057
 10
105888.2967
 20
115437.0085
 10
105891.5919
 20
115448.5927
 10
105891.6363
 20
115448.7109
 10
105891.6459
 20
115448.7363
 10
105891.6659
 20
115448.7895
 10
105895.8523
 20
115459.9059
 10
105895.8955
 20
115460.0245
 10
105895.9059
 20
115460.0533
 10
105897.3317
 20
115463.9789
 10
105897.3715
 20
115464.0575
 10
105897.4083
 20
115464.1301
 10
105900.8999
 20
115471.0113
 10
105900.9297
 20
115471.0699
 10
105900.9815
 20
115471.1717
 10
105902.9537
 20
115475.0443
 10
105902.9703
 20
115475.1987
 10
105902.9917
 20
115475.3975
 10
105903.1641
 20
115476.9963
 10
105902.8437
 20
115477.6829
 10
105902.3775
 20
115478.6813
 10
105901.5577
 20
115479.2229
 10
105901.4645
 20
115479.2845
 10
105901.2567
 20
115479.4217
 10
105901.2457
 20
115479.4291
 10
105901.0029
 20
115479.5895
 10
105900.0345
 20
115479.8407
 10
105897.5691
 20
115480.4801
 10
105897.5597
 20
115480.4825
 10
105897.363
 20
115480.5336
 10
105897.2259
 20
115480.5691
 10
105895.5139
 20
115480.9779
 10
105898.8371
 20
115494.4715
 10
105909.3997
 20
115490.4509
 10
105916.1941
 20
115499.1624
 10
105916.7318
 20
115499.8519
 10
105916.9766
 20
115500.1659
 10
105917.5191
 20
115500.8615
 10
105917.5328
 20
115500.8791
 10
105919.2913
 20
115503.1337
 10
105919.3011
 20
115503.1463
 10
105919.3197
 20
115503.1701
 10
105919.3382
 20
115503.1939
 10
105919.4435
 20
115503.3289
 10
105920.0581
 20
115504.0793
 10
105920.3821
 20
115503.8827
 10
105921.2939
 20
115505.0343
 10
105921.7391
 20
115505.5963
 10
105921.9991
 20
115505.9273
 10
105922.3421
 20
115506.3581
 10
105922.4513
 20
115506.4959
 10
105922.5191
 20
115506.5959
 10
105924.6911
 20
115509.3245
 10
105925.0757
 20
115509.8101
 10
105926.2315
 20
115511.0845
 10
105926.5305
 20
115511.4141
 10
105927.4165
 20
115512.3911
 10
105927.4877
 20
115512.4695
 10
105927.6515
 20
115512.6495
 10
105927.6835
 20
115512.6861
 10
105928.0207
 20
115513.0573
 10
105928.5307
 20
115513.6197
 10
105928.6939
 20
115513.7995
 10
105928.8461
 20
115513.9623
 10
105929.0633
 20
115514.1931
 10
105932.1075
 20
115517.4253
 10
105932.3567
 20
115517.6899
 10
105932.4671
 20
115517.8071
 10
105934.7405
 20
115520.2209
 10
105936.1807
 20
115521.7501
 10
105936.6055
 20
115522.2011
 10
105939.3087
 20
115525.0713
 10
105939.7907
 20
115525.5783
 10
105941.4273
 20
115527.2073
 10
105944.1507
 20
115529.9181
 10
105946.3261
 20
115532.0831
 10
105947.0961
 20
115532.7559
 10
105951.6441
 20
115537.3763
 10
105954.4841
 20
115540.2033
 10
105954.6695
 20
115540.3877
 10
105955.3821
 20
115541.0969
 10
105955.4817
 20
115541.1895
 10
105955.6713
 20
115541.3779
 10
105955.8109
 20
115541.5029
 10
105959.7835
 20
115545.2857
 10
105959.8703
 20
115545.3679
 10
105960.3961
 20
115545.8689
 10
105962.9939
 20
115548.3423
 10
105963.2643
 20
115548.5837
 10
105964.2977
 20
115549.5837
 10
105964.3909
 20
115549.6725
 10
105965.0815
 20
115550.3301
 10
105965.9533
 20
115551.1563
 10
105966.7131
 20
115551.8835
 10
105966.8233
 20
115551.9885
 10
105968.9665
 20
115554.0187
 10
105969.5703
 20
115554.6041
 10
105971.6011
 20
115556.5317
 10
105971.7705
 20
115556.6953
 10
105971.9615
 20
115556.8895
 10
105972.9629
 20
115557.8141
 10
105973.0813
 20
115557.9213
 10
105974.1355
 20
115558.8935
 10
105975.1227
 20
115559.8345
 10
105975.2687
 20
115559.9673
 10
105976.2939
 20
115560.9313
 10
105977.3265
 20
115561.8921
 10
105977.3705
 20
115561.9333
 10
105977.4373
 20
115561.9959
 10
105977.5173
 20
115562.0707
 10
105980.3975
 20
115564.7645
 10
105981.9871
 20
115566.2513
 10
105982.0133
 20
115566.3613
 10
105982.0317
 20
115566.4387
 10
105982.0667
 20
115566.5857
 10
105982.2183
 20
115567.2233
 10
105981.9977
 20
115567.8625
 10
105981.9201
 20
115568.0873
 10
105981.8527
 20
115568.2827
 10
105981.8491
 20
115568.2929
 10
105981.7691
 20
115568.5251
 10
105980.6843
 20
115569.2089
 10
105978.8201
 20
115570.3839
 10
105978.6774
 20
115570.4739
 10
105978.6039
 20
115570.5203
 10
105977.6949
 20
115571.0607
 10
105976.7306
 20
115571.6343
 10
105975.1613
 20
115572.5675
 10
105974.5245
 20
115572.9105
 10
105975.8977
 20
115575.2923
 10
105981.2737
 20
115579.8917
 10
105983.2585
 20
115578.9581
 10
105985.2155
 20
115579.8619
 10
105985.9831
 20
115581.3171
 10
105985.8079
 20
115583.7709
 10
105991.2967
 20
115588.4669
 10
105992.9683
 20
115588.9323
 10
105993.3655
 20
115587.3279
 10
105993.3681
 20
115587.3173
 10
105993.3807
 20
115587.2663
 10
105993.7719
 20
115585.6859
 10
105993.7757
 20
115585.6711
 10
105994.1165
 20
115584.2941
 10
105994.1323
 20
115584.2301
 10
105994.1425
 20
115584.1889
 10
105994.6725
 20
115582.0485
 10
105994.7213
 20
115581.8509
 10
105994.9947
 20
115580.7467
 10
105995.2569
 20
115580.5447
 10
105995.7341
 20
115580.1775
 10
105996.0597
 20
115580.5003
 10
105996.0749
 20
115580.5155
 10
105996.1183
 20
115580.5587
 10
105996.1219
 20
115580.5621
 10
105997.4363
 20
115581.8655
 10
105997.4882
 20
115581.9169
 10
105997.9397
 20
115582.3645
 10
105999.2197
 20
115583.6339
 10
105999.2474
 20
115583.6612
 10
105999.6197
 20
115584.0305
 10
105999.6449
 20
115584.0553
 10
106001.1299
 20
115585.5278
 10
106001.5767
 20
115585.9709
 10
106001.606
 20
115585.9999
 10
106003.039
 20
115587.4208
 10
106003.432
 20
115587.8106
 10
106003.5201
 20
115587.8977
 10
106004.9911
 20
115589.3565
 10
106005.0012
 20
115589.3663
 10
106005.2883
 20
115589.6511
 10
106005.2962
 20
115589.6589
 10
106006.9203
 20
115591.2693
 10
106006.9365
 20
115591.2853
 10
106007.2769
 20
115591.6229
 10
106007.2795
 20
115591.6255
 10
106009.1885
 20
115593.5183
 10
106009.5241
 20
115593.8511
 10
106009.5316
 20
115593.8586
 10
106009.6023
 20
115593.9287
 10
106010.9483
 20
115595.2633
 10
106010.9615
 20
115595.2765
 10
106011.2757
 20
115595.5879
 10
106011.5199
 20
115595.8461
 10
106011.5235
 20
115595.8499
 10
106014.5205
 20
115599.0181
 10
106014.5287
 20
115599.0267
 10
106015.2363
 20
115599.7747
 10
106015.4875
 20
115600.0705
 10
106015.5319
 20
115600.1227
 10
106017.6679
 20
115602.6377
 10
106018.9039
 20
115604.0929
 10
106018.9421
 20
115604.1415
 10
106018.9597
 20
115604.1643
 10
106022.8469
 20
115609.1431
 10
106025.4525
 20
115611.7119
 10
106026.9329
 20
115613.7561
 10
106027.0531
 20
115613.9221
 10
106027.1441
 20
115614.0523
 10
106027.1467
 20
115614.0561
 10
106029.6391
 20
115617.6241
 10
106029.6457
 20
115617.6333
 10
106029.7251
 20
115617.747
 10
106031.1101
 20
115619.7297
 10
106031.1133
 20
115619.7345
 10
106031.2703
 20
115619.9591
 10
106031.3599
 20
115620.0895
 10
106033.2823
 20
115622.8863
 10
106033.4215
 20
115623.0887
 10
106033.4353
 20
115623.1091
 10
106033.9895
 20
115623.9151
 10
106035.6561
 20
115626.3399
 10
106034.4503
 20
115626.6725
 10
106034.5737
 20
115627.1179
 10
106034.5793
 20
115627.1387
 10
106034.9113
 20
115628.3375
 10
106034.9221
 20
115628.3759
 10
106035.0557
 20
115628.8585
 10
106035.8681
 20
115631.7921
 10
106035.9913
 20
115632.2371
 10
106036.0167
 20
115632.3287
 10
106036.6885
 20
115634.7545
 10
106036.8563
 20
115635.3607
 10
106036.8995
 20
115635.5165
 10
106037.5545
 20
115637.8815
 10
106037.6725
 20
115638.3077
 10
106036.4273
 20
115638.6663
 10
106036.1323
 20
115638.7512
 10
106033.7409
 20
115639.4399
 10
106033.7211
 20
115639.4457
 10
106033.6824
 20
115639.4569
 10
106030.7857
 20
115640.2911
 10
106034.0391
 20
115651.1237
 10
106039.2591
 20
115649.5991
 10
106039.6659
 20
115649.4809
 10
106042.1871
 20
115648.7295
 10
106042.7621
 20
115648.5581
 10
106047.3159
 20
115664.6539
 10
106046.3317
 20
115664.9517
 10
106047.2133
 20
115667.8651
 10
106047.4557
 20
115668.6667
 10
106049.6567
 20
115675.9409
 10
106052.4613
 20
115684.1817
 10
106054.5307
 20
115693.6321
 10
106006.2405
 20
115707.5657
 10
106010.7261
 20
115725.5245
 10
106018.4411
 20
115723.6401
 10
106026.0373
 20
115721.6871
 10
106032.6713
 20
115719.8785
 10
106033.4359
 20
115719.6831
 10
106041.8873
 20
115717.0559
 10
106043.1223
 20
115716.6957
 10
106045.9489
 20
115726.3129
 10
106050.2101
 20
115725.2181
 10
106057.4161
 20
115723.3691
 10
106057.6189
 20
115726.9335
 10
106057.6191
 20
115726.9385
 10
106057.624
 20
115727.0231
 10
106057.6277
 20
115727.0895
 10
106058.2902
 20
115736.5896
 10
106058.2983
 20
115736.7062
 10
106058.3061
 20
115736.8181
 10
106058.5935
 20
115742.1032
 10
106058.6021
 20
115742.2605
 10
106058.9664
 20
115749.4652
 10
106058.9697
 20
115749.5302
 10
106058.9777
 20
115749.6877
 10
106059.1675
 20
115757.0102
 10
106059.1687
 20
115757.0614
 10
106059.1725
 20
115757.2097
 10
106059.4057
 20
115765.9541
 10
106059.4067
 20
115765.9947
 10
106059.4109
 20
115766.1491
 10
106059.6587
 20
115774.8517
 10
106059.6641
 20
115775.0453
 10
106059.8571
 20
115781.7262
 10
106059.8635
 20
115781.9499
 10
106060.0303
 20
115789.2527
 10
106060.0361
 20
115789.5067
 10
106060.1583
 20
115795.5732
 10
106060.1639
 20
115795.8523
 10
106060.2595
 20
115801.567
 10
106060.2645
 20
115801.8703
 10
106060.6169
 20
115816.0485
 10
106060.6263
 20
115816.4207
 10
106060.7089
 20
115820.2729
 10
106060.7117
 20
115820.3979
 10
106060.7359
 20
115820.8783
 10
106060.9875
 20
115825.8655
 10
106060.9843
 20
115826.4795
 10
106060.9843
 20
115826.4929
 10
106060.9761
 20
115828.1317
 10
106060.9457
 20
115834.1591
 10
106060.9441
 20
115834.4849
 10
106060.9693
 20
115836.9219
 10
106060.9911
 20
115839.0317
 10
106060.9961
 20
115839.5035
 10
106061.0807
 20
115846.3568
 10
106061.0867
 20
115846.8465
 10
106061.3457
 20
115859.5646
 10
106061.3457
 20
115859.5671
 10
106061.3571
 20
115860.1229
 10
106061.6661
 20
115867.3563
 10
106061.7279
 20
115870.9289
 10
106061.7383
 20
115871.5255
 10
106062.0497
 20
115879.9707
 10
106062.0749
 20
115880.6491
 10
106062.2477
 20
115887.2357
 10
106062.2657
 20
115887.9203
 10
106062.6045
 20
115897.4941
 10
106062.6313
 20
115898.2489
 10
106062.9301
 20
115903.0877
 10
106062.9839
 20
115903.9587
 10
106063.1015
 20
115905.1367
 10
106063.6523
 20
115910.6495
 10
106063.7807
 20
115911.5151
 10
106064.7639
 20
115918.1403
 10
106064.8931
 20
115918.8273
 10
106064.8951
 20
115918.8379
 10
106065.9967
 20
115924.6947
 10
106066.1221
 20
115925.3155
 10
106066.6501
 20
115927.9293
 10
106066.7769
 20
115928.4613
 10
106068.1427
 20
115934.1931
 10
106068.2655
 20
115934.6321
 10
106070.0045
 20
115940.8433
 10
106070.1215
 20
115941.1991
 10
106072.0759
 20
115947.1421
 10
106072.1843
 20
115947.4481
 10
106074.3105
 20
115953.4487
 10
106074.4111
 20
115953.6887
 10
106076.8913
 20
115959.6041
 10
106076.9811
 20
115959.8075
 10
106080.9231
 20
115968.7375
 10
106080.9955
 20
115968.9019
 10
106084.9539
 20
115977.8859
 10
106085.0089
 20
115978.0115
 10
106085.0225
 20
115978.0421
 10
106088.9827
 20
115987.0609
 10
106089.0309
 20
115987.1701
 10
106089.0593
 20
115987.2349
 10
106093.0185
 20
115996.2253
 10
106093.0657
 20
115996.3319
 10
106093.0895
 20
115996.3855
 10
106097.0651
 20
116005.3645
 10
106097.0953
 20
116005.4329
 10
106097.1495
 20
116005.5549
 10
106099.8521
 20
116011.6569
 10
106099.8699
 20
116011.7897
 10
106099.8869
 20
116011.9169
 10
106099.9271
 20
116012.2173
 10
106100.0489
 20
116013.1267
 10
106099.9983
 20
116013.4039
 10
106099.8547
 20
116014.1907
 10
106099.5881
 20
116014.7731
 10
106099.4137
 20
116015.1539
 10
106099.2609
 20
116015.4879
 10
106098.9811
 20
116015.8053
 10
106098.7321
 20
116016.1041
 10
106097.0917
 20
116017.0723
 10
106096.8955
 20
116017.1879
 10
106096.2821
 20
116017.5501
 10
106095.1995
 20
116017.7751
 10
106094.4679
 20
116017.9271
 10
106095.2411
 20
116022.0653
 10
106095.3231
 20
116022.2535
 10
106098.2807
 20
116021.7057
 10
106100.1613
 20
116032.5647
 10
106100.1643
 20
116033.1667
 10
106100.3165
 20
116034.7693
 10
106100.3193
 20
116036.6817
 10
106100.3213
 20
116040.5547
 10
106103.0989
 20
116040.6525
 10
106103.6437
 20
116037.8795
 10
106104.8113
 20
116033.2423
 10
106104.9751
 20
116033.2401
 10
106105.0323
 20
116039.7399
 10
106105.2923
 20
116040.4371
 10
106105.2523
 20
116043.3843
 10
106105.3711
 20
116048.1077
 10
106105.4891
 20
116052.7979
 10
106105.6035
 20
116067.2183
 10
106105.6161
 20
116070.1051
 10
106105.6843
 20
116081.8631
 10
106105.6947
 20
116083.4833
 10
106105.7059
 20
116085.2489
 10
106105.7079
 20
116085.5379
 10
106105.7659
 20
116089.1389
 10
106105.7713
 20
116089.4799
 10
106105.8195
 20
116089.5407
 10
106106.0003
 20
116089.7687
 10
106107.0771
 20
116091.1271
 10
106107.9319
 20
116100.6777
 10
106107.9551
 20
116100.9359
 10
106107.9645
 20
116101.0423
 10
106108.0953
 20
116102.5025
 10
106108.0958
 20
116102.5078
 10
106108.1187
 20
116102.7644
 10
106108.1441
 20
116103.0477
 10
106109.3837
 20
116115.536
 10
106109.4179
 20
116115.8817
 10
106109.9387
 20
116121.4264
 10
106110.2311
 20
116124.5415
 10
106110.2759
 20
116125.0181
 10
106110.2907
 20
116127.0213
 10
106110.3291
 20
116132.2269
 10
106110.3775
 20
116138.8163
 10
106110.3803
 20
116139.1837
 10
106110.3519
 20
116150.9365
 10
106110.3509
 20
116151.3401
 10
106110.3923
 20
116166.8848
 10
106110.3923
 20
116166.8949
 10
106110.3935
 20
116167.3523
 10
106110.3959
 20
116177.2407
 10
106110.3961
 20
116177.7325
 10
106110.3803
 20
116190.2422
 10
106110.3797
 20
116190.7787
 10
106110.2901
 20
116203.5108
 10
106110.2861
 20
116204.0841
 10
106110.3317
 20
116216.741
 10
106110.3339
 20
116217.3837
 10
106110.4825
 20
116231.0983
 10
106110.4903
 20
116231.8121
 10
106110.4555
 20
116236.6784
 10
106110.4507
 20
116237.3635
 10
106110.4577
 20
116238.1997
 10
106110.5557
 20
116249.6793
 10
106110.5521
 20
116250.5063
 10
106110.5085
 20
116260.9545
 10
106110.5049
 20
116261.7319
 10
106110.4735
 20
116268.5405
 10
106110.4555
 20
116272.4601
 10
106110.4431
 20
116275.1667
 10
106110.4459
 20
116275.8561
 10
106110.4869
 20
116285.4917
 10
106110.4887
 20
116286.1395
 10
106110.5157
 20
116296.3867
 10
106110.5167
 20
116296.9883
 10
106110.5301
 20
116304.7813
 10
106110.5315
 20
116305.3445
 10
106110.5523
 20
116314.1255
 10
106110.5521
 20
116314.6519
 10
106110.5495
 20
116320.4855
 10
106110.5499
 20
116320.9817
 10
106110.5553
 20
116327.1779
 10
106110.5547
 20
116327.6473
 10
106110.5441
 20
116335.2733
 10
106110.5529
 20
116335.6817
 10
106110.6471
 20
116340.0453
 10
106110.7527
 20
116344.9459
 10
106110.7913
 20
116346.7375
 10
106110.8097
 20
116347.5527
 10
106110.8283
 20
116352.2765
 10
106110.8431
 20
116356.0271
 10
106110.8577
 20
116360.4763
 10
106110.8699
 20
116364.1341
 10
106110.7801
 20
116368.4765
 10
106110.7737
 20
116368.7845
 10
106110.7647
 20
116370.3899
 10
106110.8421
 20
116370.8077
 10
106110.7355
 20
116373.6469
 10
106110.7131
 20
116374.2461
 10
106110.6583
 20
116379.1077
 10
106110.7453
 20
116379.8669
 10
106110.7291
 20
116380.7287
 10
106110.7361
 20
116385.0765
 10
106110.5713
 20
116393.0765
 10
106110.5613
 20
116393.5625
 10
106110.3601
 20
116399.6833
 10
106110.2539
 20
116401.4767
 10
106110.1025
 20
116404.3937
 10
106109.8755
 20
116409.5035
 10
106109.8705
 20
116410.0771
 10
106109.7305
 20
116414.2867
 10
106109.5403
 20
116417.8773
 10
106109.3305
 20
116421.8391
 10
106108.8011
 20
116429.5569
 10
106102.0271
 20
116430.0331
 10
106102.6897
 20
116440.1761
 10
106108.4049
 20
116439.8053
 10
106110.6893
 20
116439.6569
 10
106109.0533
 20
116459.9209
 10
106107.7679
 20
116475.0715
 10
106107.4477
 20
116485.6551
 10
106107.0785
 20
116494.3315
 10
106104.8951
 20
116511.1743
 10
106103.9863
 20
116514.6959
 10
106101.5173
 20
116519.8633
 10
106100.0645
 20
116519.9507
 10
106099.8825
 20
116519.9615
 10
106098.9443
 20
116520.0209
 10
106090.5991
 20
116520.5505
 10
106086.4371
 20
116520.7625
 10
106087.3445
 20
116538.5633
 10
106092.4449
 20
116538.1999
 10
106094.8009
 20
116538.8109
 10
106096.9855
 20
116540.1999
 10
106097.5811
 20
116541.0623
 10
106097.9957
 20
116541.6629
 10
106098.3075
 20
116542.5793
 10
106098.6553
 20
116543.6019
 10
106098.6715
 20
116543.6493
 10
106098.7303
 20
116543.8225
 10
106098.7327
 20
116543.8295
 10
106098.8505
 20
116544.1757
 10
106099.0963
 20
116545.6269
 10
106099.1439
 20
116545.9075
 10
106099.1177
 20
116546.2597
 10
106099.0733
 20
116546.8599
 10
106099.0625
 20
116547.0045
 10
106098.9989
 20
116547.8611
 10
106098.9985
 20
116547.8667
 10
106098.9874
 20
116548.0172
 10
106098.9797
 20
116548.1199
 10
106098.9195
 20
116548.4583
 10
106097.3725
 20
116557.1379
 10
106097.3601
 20
116557.2072
 10
106097.3387
 20
116557.3277
 10
106095.4381
 20
116568.1689
 10
106095.4365
 20
116568.1781
 10
106095.4361
 20
116568.1806
 10
106095.4201
 20
116568.2718
 10
106095.3997
 20
116568.3883
 10
106094.0086
 20
116576.2933
 10
106093.9807
 20
116576.4523
 10
106093.7077
 20
116577.9729
 10
106091.6197
 20
116589.6071
 10
106092.9417
 20
116589.5143
 10
106091.2607
 20
116603.5367
 10
106089.8826
 20
116612.3989
 10
106089.7783
 20
116613.0699
 10
106089.7775
 20
116613.0745
 10
106089.2899
 20
116616.2107
 10
106087.9903
 20
116622.7863
 10
106086.6645
 20
116631.0865
 10
106087.0519
 20
116631.1863
 10
106085.4057
 20
116636.9987
 10
106083.8431
 20
116642.1699
 10
106083.1029
 20
116644.5293
 10
106068.0051
 20
116645.4951
 10
106031.1291
 20
116648.2261
 10
106030.0581
 20
116661.5073
 10
106044.1401
 20
116665.5891
 10
106050.5921
 20
116666.4351
 10
106050.6961
 20
116665.9681
 10
106070.8041
 20
116669.2491
 10
106070.7051
 20
116669.6061
 10
106074.1171
 20
116669.9719
 10
106070.7713
 20
116678.7111
 10
106064.4171
 20
116695.5329
 10
106059.2939
 20
116710.1099
 10
106052.8384
 20
116713.1817
 10
106046.2677
 20
116715.9987
 10
106048.1415
 20
116721.7251
 10
106049.1339
 20
116727.6983
 10
106049.1575
 20
116732.8843
 10
106047.6957
 20
116742.0767
 10
106046.9999
 20
116745.3037
 10
106043.0863
 20
116756.6289
 10
106040.1457
 20
116765.1303
 10
106036.2359
 20
116776.4623
 10
106032.3897
 20
116787.5819
 10
106029.4623
 20
116796.0575
 10
106026.5089
 20
116804.8457
 10
106017.8859
 20
116830.3003
 10
106015.7831
 20
116836.2583
 10
106013.6571
 20
116846.1757
 10
106012.7583
 20
116852.1113
 10
106011.7969
 20
116858.6589
 10
106009.6335
 20
116863.7957
 10
106008.6921
 20
116866.9143
 10
106009.0181
 20
116867.1655
 10
106007.5691
 20
116869.4473
 10
106002.0881
 20
116883.5557
 10
105998.5891
 20
116892.4967
 10
105993.1847
 20
116906.4071
 10
105987.8303
 20
116920.1929
 10
105983.2117
 20
116932.0659
 10
105979.4897
 20
116941.3479
 10
105975.9621
 20
116950.3245
 10
105970.4787
 20
116964.2263
 10
105966.7767
 20
116973.8341
 10
105958.6003
 20
116994.5347
 10
105954.0719
 20
117006.1795
 10
105951.3593
 20
117013.0991
 10
105945.8459
 20
117027.2909
 10
105944.0337
 20
117031.9003
 10
105938.6683
 20
117045.5365
 10
105936.5899
 20
117050.9077
 10
105928.7391
 20
117071.0993
 10
105925.1151
 20
117080.5661
 10
105917.8661
 20
117099.1381
 10
105912.4351
 20
117113.1271
 10
105911.7539
 20
117114.8677
 10
105907.9261
 20
117124.6501
 10
105903.2651
 20
117138.7881
 10
105900.2631
 20
117149.4801
 10
105899.5435
 20
117152.5815
 10
105895.8289
 20
117155.4161
 10
105898.1069
 20
117159.2363
 10
105896.6943
 20
117167.8133
 10
105894.5691
 20
117170.1189
 10
105896.2173
 20
117172.9585
 10
105896.0007
 20
117174.6185
 10
105895.7917
 20
117176.2757
 10
105895.5895
 20
117177.9297
 10
105895.3939
 20
117179.5803
 10
105895.2043
 20
117181.2279
 10
105895.0201
 20
117182.8719
 10
105894.8409
 20
117184.5127
 10
105894.6663
 20
117186.1499
 10
105894.4957
 20
117187.7837
 10
105894.3289
 20
117189.4137
 10
105894.1651
 20
117191.0401
 10
105894.0039
 20
117192.6627
 10
105893.8455
 20
117194.2759
 10
105893.6881
 20
117195.8929
 10
105893.5321
 20
117197.5063
 10
105893.3769
 20
117199.1155
 10
105880.9173
 20
117328.3195
 10
105880.8528
 20
117328.6685
 10
105880.729
 20
117329.0011
 10
105880.5497
 20
117329.3073
 10
105880.3203
 20
117329.5781
 10
105880.0477
 20
117329.8053
 10
105879.74
 20
117329.982
 10
105879.4064
 20
117330.103
 10
105879.0569
 20
117330.1647
 10
105876.8063
 20
117330.3633
 10
105869.3891
 20
117330.8771
 10
105867.2397
 20
117331.0753
 10
105868.6161
 20
117346.9381
 10
105878.1479
 20
117346.0157
 10
105878.4749
 20
117346.0109
 10
105878.7983
 20
117346.0596
 10
105879.1095
 20
117346.1603
 10
105879.4001
 20
117346.3103
 10
105877.8331
 20
117364.9871
 10
105877.3387
 20
117371.2215
 10
105876.4895
 20
117382.4413
 10
105875.6327
 20
117393.6487
 10
105874.5609
 20
117404.8803
 10
105874.4783
 20
117409.6853
 10
105871.8727
 20
117414.5741
 10
105873.0107
 20
117424.8353
 10
105872.4083
 20
117439.9629
 10
105870.5049
 20
117464.3341
 10
105870.4919
 20
117464.4993
 10
105869.9409
 20
117464.6333
 10
105869.5001
 20
117468.8971
 10
105869.4775
 20
117469.3269
 10
105869.5435
 20
117469.3305
 10
105869.4575
 20
117470.8975
 10
105870.7897
 20
117470.9929
 10
105870.0383
 20
117479.6871
 10
105869.6905
 20
117484.6769
 10
105869.3379
 20
117489.6651
 10
105869.0319
 20
117494.6569
 10
105868.7159
 20
117499.6467
 10
105868.3803
 20
117504.6349
 10
105868.0359
 20
117509.6223
 10
105867.6531
 20
117514.6083
 10
105867.3403
 20
117519.5993
 10
105866.9817
 20
117524.5851
 10
105866.7245
 20
117527.9547
 10
105866.6011
 20
117529.5707
 10
105866.2423
 20
117534.5579
 10
105865.8733
 20
117539.5441
 10
105865.5063
 20
117544.5311
 10
105865.1603
 20
117549.5187
 10
105864.7597
 20
117554.4993
 10
105864.3931
 20
117559.4693
 10
105863.9859
 20
117564.4173
 10
105863.3833
 20
117569.3363
 10
105862.8225
 20
117574.2447
 10
105862.4927
 20
117576.6847
 10
105859.2811
 20
117576.4521
 10
105858.9441
 20
117579.2321
 10
105858.0037
 20
117587.7827
 10
105859.2081
 20
117587.8995
 10
105858.6655
 20
117593.8995
 10
105857.3439
 20
117593.7831
 10
105856.4461
 20
117601.9481
 10
105856.3551
 20
117604.7461
 10
105857.6787
 20
117604.7817
 10
105858.9231
 20
117604.8151
 10
105859.8441
 20
117605.0941
 10
105860.3721
 20
117605.6111
 10
105860.6751
 20
117606.6931
 10
105860.1551
 20
117609.7351
 10
105858.0071
 20
117622.7351
 10
105856.6081
 20
117632.3481
 10
105854.4211
 20
117644.3971
 10
105852.0211
 20
117656.1071
 10
105849.9291
 20
117664.9301
 10
105847.7841
 20
117674.2351
 10
105846.2941
 20
117680.5101
 10
105844.4413
 20
117688.0453
 10
105832.6997
 20
117688.1927
 10
105829.5879
 20
117688.2331
 10
105819.0803
 20
117688.4427
 10
105818.2581
 20
117703.0839
 10
105836.2227
 20
117702.8063
 10
105837.7781
 20
117702.8641
 10
105839.1211
 20
117706.4501
 10
105836.1051
 20
117715.9981
 10
105835.9521
 20
117716.4171
 10
105830.5091
 20
117732.8011
 10
105826.1461
 20
117744.5921
 10
105821.5781
 20
117756.5001
 10
105818.9191
 20
117763.1341
 10
105812.3791
 20
117778.3371
 10
105804.4051
 20
117795.7271
 10
105799.9931
 20
117805.0841
 10
105795.5881
 20
117814.4871
 10
105795.1941
 20
117815.4741
 10
105794.7331
 20
117816.5151
 10
105793.0181
 20
117820.6231
 10
105791.8281
 20
117823.4931
 10
105786.1021
 20
117836.0731
 10
105784.2321
 20
117840.2231
 10
105779.6841
 20
117849.7731
 10
105774.5711
 20
117860.5701
 10
105772.9711
 20
117864.0941
 10
105765.3621
 20
117880.5211
 10
105759.4951
 20
117892.7541
 10
105759.1585
 20
117892.9575
 10
105751.8789
 20
117891.5693
 10
105745.6075
 20
117890.3803
 10
105743.3085
 20
117901.5519
 10
105752.8701
 20
117903.3841
 10
105753.3411
 20
117903.8951
 10
105753.0931
 20
117904.4171
 10
105752.3783
 20
117905.9489
 10
105749.9921
 20
117911.0631
 10
105748.8957
 20
117913.6109
 10
105747.0713
 20
117917.8501
 10
105745.6091
 20
117920.5051
 10
105744.1981
 20
117923.4511
 10
105744.0191
 20
117923.7221
 10
105742.8245
 20
117926.2359
 10
105741.0989
 20
117929.8673
 10
105739.3837
 20
117933.4221
 10
105737.6141
 20
117937.0761
 10
105736.0331
 20
117940.5761
 10
105733.8997
 20
117945.1227
 10
105732.0741
 20
117949.0137
 10
105731.1491
 20
117950.9851
 10
105729.6971
 20
117954.0801
 10
105727.8191
 20
117957.6211
 10
105726.1703
 20
117961.2615
 10
105725.2381
 20
117963.3195
 10
105725.0735
 20
117963.6829
 10
105723.7589
 20
117966.5855
 10
105722.5463
 20
117969.2629
 10
105721.6581
 20
117971.2241
 10
105721.4611
 20
117971.5311
 10
105720.0841
 20
117974.3821
 10
105719.9081
 20
117974.6931
 10
105718.0909
 20
117978.3687
 10
105716.8661
 20
117980.8461
 10
105716.1331
 20
117981.3671
 10
105714.1347
 20
117981.3383
 10
105713.1373
 20
117981.3239
 10
105712.2093
 20
117981.3097
 10
105712.1521
 20
117985.4049
 10
105706.4489
 20
117985.3129
 10
105706.3269
 20
117992.8905
 10
105686.7875
 20
117992.9005
 10
105685.6713
 20
117992.8919
 10
105661.5155
 20
117992.9447
 10
105661.5221
 20
117996.7881
 10
105661.7181
 20
118020.6331
 10
105668.2843
 20
118020.8001
 10
105691.1437
 20
118021.3821
 10
105682.3805
 20
118036.2451
 10
105678.0343
 20
118046.2779
 10
105676.7437
 20
118047.4971
 10
105673.9941
 20
118047.2441
 10
105671.0353
 20
118046.9773
 10
105670.8741
 20
118048.2859
 10
105667.9101
 20
118054.6257
 10
105667.7601
 20
118057.1371
 10
105669.2827
 20
118057.2811
 10
105669.7264
 20
118057.3569
 10
105670.1538
 20
118057.4981
 10
105670.5553
 20
118057.7015
 10
105667.6099
 20
118064.2755
 10
105665.8355
 20
118069.5325
 10
105664.2903
 20
118074.7313
 10
105662.5699
 20
118079.8257
 10
105661.1887
 20
118085.0227
 10
105659.3643
 20
118095.2983
 10
105656.4497
 20
118105.0199
 10
105654.9687
 20
118109.8257
 10
105652.1221
 20
118119.1427
 10
105650.2825
 20
118120.7179
 10
105659.2199
 20
118122.7147
 10
105659.4155
 20
118122.7563
 10
105694.3819
 20
118129.9831
 10
105694.0621
 20
118131.5303
 10
105697.3517
 20
118132.2101
 10
105698.4599
 20
118126.4265
  0
LWPOLYLINE
  5
A7
330
17
100
AcDbEntity
  8
00-BASE-UE
100
AcDbPolyline
 90
393
 70
1
 10
105396.00207519531
 20
112748.78369140625
 10
105398.60510253906
 20
112738.50872802734
 10
105402.0385131836
 20
112725.09692382812
 10
105406.1547241211
 20
112708.95611572266
 10
105408.50469970703
 20
112699.74267578125
 10
105412.34368896484
 20
112684.62469482422
 10
105413.5307006836
 20
112680.00408935547
 10
105414.35272216797
 20
112679.55047607422
 10
105419.09869384766
 20
112676.93151855469
 10
105416.34307861328
 20
112672.17028808594
 10
105415.42492675781
 20
112672.67712402344
 10
105418.15270996094
 20
112662.12548828125
 10
105422.50469970703
 20
112660.6275024414
 10
105420.24072265625
 20
112654.04931640625
 10
105420.89129638672
 20
112650.56469726562
 10
105424.794921875
 20
112635.28527832031
 10
105427.36407470703
 20
112625.10327148438
 10
105428.64068603516
 20
112619.98608398438
 10
105431.30212402344
 20
112609.39367675781
 10
105432.6312866211
 20
112604.00091552734
 10
105434.0537109375
 20
112598.22888183594
 10
105434.40850830078
 20
112596.16510009766
 10
105434.9379272461
 20
112594.72528076172
 10
105436.2451171875
 20
112589.59692382812
 10
105436.36309814453
 20
112589.6030883789
 10
105436.64270019531
 20
112588.16772460938
 10
105437.14068603516
 20
112588.236328125
 10
105437.24108886719
 20
112587.59790039062
 10
105437.92669677734
 20
112587.65350341797
 10
105438.9974975586
 20
112587.81549072266
 10
105440.0560913086
 20
112580.95587158203
 10
105438.35748291016
 20
112580.69927978516
 10
105438.6773071289
 20
112578.71630859375
 10
105440.36248779297
 20
112578.97088623047
 10
105441.51251220703
 20
112571.51928710938
 10
105440.1030883789
 20
112571.30627441406
 10
105439.88311767578
 20
112571.26788330078
 10
105439.27752685547
 20
112571.05090332031
 10
105439.06408691406
 20
112570.29309082031
 10
105439.31408691406
 20
112568.7700805664
 10
105439.38891601562
 20
112567.34869384766
 10
105441.39929199219
 20
112550.45428466797
 10
105442.9135131836
 20
112537.68591308594
 10
105444.86651611328
 20
112522.56268310547
 10
105444.20092773438
 20
112507.04467773438
 10
105444.64270019531
 20
112506.72912597656
 10
105445.05297975524
 20
112506.30363803316
 10
105445.39232126798
 20
112505.81967869082
 10
105445.652516191
 20
112505.28895474251
 10
105445.82727050781
 20
112504.72430419922
 10
105447.30310058594
 20
112485.13348388672
 10
105447.1976928711
 20
112484.4642944336
 10
105448.9730834961
 20
112482.77630615234
 10
105449.48010253906
 20
112475.28112792969
 10
105446.12609863281
 20
112477.6616821289
 10
105447.97790527344
 20
112450.05731201172
 10
105450.93731689453
 20
112453.73907470703
 10
105451.55352783203
 20
112444.62908935547
 10
105448.5610961914
 20
112441.36608886719
 10
105450.62329101562
 20
112410.62390136719
 10
105450.99987792969
 20
112405.47912597656
 10
105451.59649658203
 20
112397.42468261719
 10
105452.34747314453
 20
112386.29272460938
 10
105453.27392578125
 20
112374.19091796875
 10
105453.99572753906
 20
112363.89172363281
 10
105454.7954711914
 20
112352.77752685547
 10
105455.17987060547
 20
112347.43450927734
 10
105455.70849609375
 20
112340.08612060547
 10
105455.7446899414
 20
112339.58428955078
 10
105455.02349853516
 20
112339.16632080078
 10
105456.28448486328
 20
112317.38610839844
 10
105455.92071533203
 20
112306.85650634766
 10
105455.89208984375
 20
112300.26568603516
 10
105455.70928955078
 20
112300.26647949219
 10
105456.99572753906
 20
112283.65612792969
 10
105457.94927978516
 20
112271.0892944336
 10
105458.67749023438
 20
112261.73309326172
 10
105458.40228271484
 20
112255.37371826172
 10
105458.44049072266
 20
112255.46630859375
 10
105458.9619140625
 20
112255.21710205078
 10
105460.58728027344
 20
112258.61987304688
 10
105461.71209716797
 20
112261.19232177734
 10
105462.26788330078
 20
112253.83111572266
 10
105460.5971069336
 20
112250.20208740234
 10
105461.37512207031
 20
112249.85412597656
 10
105461.19909667969
 20
112246.64428710938
 10
105460.86749267578
 20
112239.55969238281
 10
105460.28588867188
 20
112233.80487060547
 10
105460.15832519531
 20
112228.91369628906
 10
105460.03729248047
 20
112224.49768066406
 10
105460.13067626953
 20
112219.53869628906
 10
105460.2192993164
 20
112209.03887939453
 10
105460.20709228516
 20
112205.34509277344
 10
105460.19329833984
 20
112201.64672851562
 10
105460.04528808594
 20
112193.14392089844
 10
105459.92169189453
 20
112185.01647949219
 10
105459.72930908203
 20
112179.8701171875
 10
105459.57391357422
 20
112175.49670410156
 10
105460.81311035156
 20
112175.55010986328
 10
105462.40911865234
 20
112175.61907958984
 10
105461.98431396484
 20
112167.36669921875
 10
105462.044921875
 20
112167.17211914062
 10
105462.30670166016
 20
112167.1196899414
 10
105462.02429199219
 20
112162.10632324219
 10
105462.0181274414
 20
112161.99688720703
 10
105461.6976928711
 20
112162.0560913086
 10
105461.32489013672
 20
112156.16632080078
 10
105460.4453125
 20
112143.7885131836
 10
105460.2152709961
 20
112140.6773071289
 10
105460.00329589844
 20
112137.56610107422
 10
105459.5610961914
 20
112131.34368896484
 10
105459.32391357422
 20
112128.20849609375
 10
105459.0717163086
 20
112125.07147216797
 10
105458.54028320312
 20
112118.79992675781
 10
105457.08087158203
 20
112101.51568603516
 10
105456.75708007812
 20
112097.68627929688
 10
105456.39349365234
 20
112093.3876953125
 10
105456.38269042969
 20
112093.32708740234
 10
105462.75469970703
 20
112092.88592529297
 10
105471.18811035156
 20
112092.2631225586
 10
105471.0855102539
 20
112090.52728271484
 10
105470.67272949219
 20
112083.5394897461
 10
105463.01007080078
 20
112083.99212646484
 10
105462.92071533203
 20
112082.24829101562
 10
105457.58868408203
 20
112082.56530761719
 10
105455.65490722656
 20
112078.49188232422
 10
105454.86212158203
 20
112076.91809082031
 10
105454.54510498047
 20
112073.59790039062
 10
105453.72290039062
 20
112064.43127441406
 10
105453.0200805664
 20
112055.71252441406
 10
105452.92810058594
 20
112054.35571289062
 10
105452.55767822266
 20
112046.05487060547
 10
105451.20770263672
 20
112028.41711425781
 10
105450.80432128906
 20
112023.36608886719
 10
105449.99548339844
 20
112013.32629394531
 10
105449.82189941406
 20
112011.50390625
 10
105449.76007080078
 20
112010.787109375
 10
105454.9370727539
 20
112010.35809326172
 10
105456.39807128906
 20
112010.26110839844
 10
105456.49108886719
 20
112010.28747558594
 10
105459.36651611328
 20
112010.12487792969
 10
105460.55352783203
 20
112010.0546875
 10
105460.42248535156
 20
112008.0703125
 10
105460.16607666016
 20
112003.07629394531
 10
105460.02728271484
 20
112000.97528076172
 10
105455.9541015625
 20
112001.23669433594
 10
105454.43487548828
 20
112001.34448242188
 10
105449.103515625
 20
112001.77508544922
 10
105448.64892578125
 20
111996.72491455078
 10
105447.18768310547
 20
111978.41052246094
 10
105444.92651367188
 20
111949.17608642578
 10
105444.83911132812
 20
111949.1810913086
 10
105443.8549194336
 20
111934.69787597656
 10
105443.58612060547
 20
111930.80889892578
 10
105443.47747802734
 20
111929.20928955078
 10
105443.345703125
 20
111927.25207519531
 10
105443.0791015625
 20
111923.43530273438
 10
105442.89471435547
 20
111920.97351074219
 10
105442.73309326172
 20
111919.21392822266
 10
105442.63391113281
 20
111918.00610351562
 10
105442.35467529297
 20
111914.79248046875
 10
105441.91192626953
 20
111908.32489013672
 10
105442.04010009766
 20
111906.89489746094
 10
105442.58331298828
 20
111905.05047607422
 10
105444.06512451172
 20
111903.15008544922
 10
105445.29150390625
 20
111902.412109375
 10
105451.8013305664
 20
111899.42852783203
 10
105451.97467041016
 20
111899.2294921875
 10
105458.08111572266
 20
111896.29388427734
 10
105458.30767822266
 20
111896.18328857422
 10
105454.12829589844
 20
111887.62567138672
 10
105452.38012695312
 20
111884.02911376953
 10
105449.91607666016
 20
111885.25207519531
 10
105447.21209716797
 20
111886.59008789062
 10
105446.00811767578
 20
111887.10607910156
 10
105444.59307861328
 20
111886.88708496094
 10
105443.4130859375
 20
111886.58209228516
 10
105441.73309326172
 20
111885.84210205078
 10
105441.69512939453
 20
111880.83111572266
 10
105441.61309814453
 20
111876.02807617188
 10
105441.65087890625
 20
111867.18450927734
 10
105441.72607421875
 20
111862.17468261719
 10
105442.35888671875
 20
111843.54968261719
 10
105442.34930419922
 20
111843.54949951172
 10
105442.45288085938
 20
111840.74932861328
 10
105442.61450195312
 20
111837.82708740234
 10
105443.07592773438
 20
111829.64868164062
 10
105443.24353027344
 20
111826.67889404297
 10
105443.64251708984
 20
111819.60430908203
 10
105444.3447265625
 20
111809.95611572266
 10
105445.15710449219
 20
111801.01629638672
 10
105445.51788330078
 20
111796.43170166016
 10
105445.60772705078
 20
111795.40087890625
 10
105445.97668457031
 20
111791.37268066406
 10
105446.578125
 20
111783.9097290039
 10
105446.58508300781
 20
111783.82708740234
 10
105438.26489257812
 20
111783.36248779297
 10
105438.05090332031
 20
111786.72888183594
 10
105403.74792480469
 20
111784.60070800781
 10
105403.73931884766
 20
111784.90069580078
 10
105404.14892578125
 20
111790.74890136719
 10
105404.63610839844
 20
111798.49249267578
 10
105404.85070800781
 20
111801.6220703125
 10
105404.85070800781
 20
111802.07208251953
 10
105404.55352783203
 20
111802.06408691406
 10
105404.34631347656
 20
111811.10668945312
 10
105404.08270263672
 20
111824.2470703125
 10
105403.96307373047
 20
111828.845703125
 10
105403.76708984375
 20
111837.18212890625
 10
105403.58868408203
 20
111850.31311035156
 10
105403.39093017578
 20
111856.71990966797
 10
105403.33288574219
 20
111860.22192382812
 10
105403.2451171875
 20
111863.73413085938
 10
105403.14251708984
 20
111868.94952392578
 10
105390.10272216797
 20
111869.91290283203
 10
105390.24908447266
 20
111872.31848144531
 10
105390.33972167969
 20
111873.80889892578
 10
105399.75769042969
 20
111873.13067626953
 10
105400.84252929688
 20
111873.52868652344
 10
105401.31048583984
 20
111874.17608642578
 10
105401.19549560547
 20
111880.23413085938
 10
105400.69232177734
 20
111880.83532714844
 10
105390.8203125
 20
111881.71392822266
 10
105391.05950927734
 20
111885.64770507812
 10
105394.49108886719
 20
111885.49108886719
 10
105398.2280883789
 20
111885.23712158203
 10
105401.03009033203
 20
111885.81408691406
 10
105401.60510253906
 20
111886.66912841797
 10
105401.77349853516
 20
111894.8134765625
 10
105401.94207763672
 20
111902.95812988281
 10
105402.25592041016
 20
111911.11151123047
 10
105402.41107177734
 20
111915.1450805664
 10
105402.74768066406
 20
111919.26287841797
 10
105403.62811279297
 20
111930.03607177734
 10
105404.47448730469
 20
111940.65911865234
 10
105405.31787109375
 20
111951.2451171875
 10
105405.76568603516
 20
111956.53588867188
 10
105405.9730834961
 20
111959.18267822266
 10
105406.59411621094
 20
111966.32147216797
 10
105407.86688232422
 20
111981.36108398438
 10
105408.02508544922
 20
111984.75512695312
 10
105408.29510498047
 20
111987.91809082031
 10
105407.99212646484
 20
111989.15832519531
 10
105407.27612304688
 20
111989.8480834961
 10
105406.66009521484
 20
111990.15008544922
 10
105403.13287353516
 20
111990.41107177734
 10
105398.49151611328
 20
111990.7553100586
 10
105396.41467285156
 20
111990.9144897461
 10
105397.43151855469
 20
112002.88568115234
 10
105390.28210449219
 20
112003.39990234375
 10
105390.72589111328
 20
112007.2529296875
 10
105404.58270263672
 20
112006.19592285156
 10
105409.29107666016
 20
112005.8369140625
 10
105415.67370605469
 20
112090.88287353516
 10
105415.82427978516
 20
112093.24169921875
 10
105415.67468261719
 20
112093.25030517578
 10
105416.19891357422
 20
112098.96850585938
 10
105416.75451660156
 20
112098.92291259766
 10
105416.83331298828
 20
112099.34930419922
 10
105418.00427246094
 20
112114.79010009766
 10
105418.45947265625
 20
112120.89770507812
 10
105418.04071044922
 20
112121.28369140625
 10
105417.78607177734
 20
112121.30987548828
 10
105418.05670166016
 20
112124.64331054688
 10
105418.76708984375
 20
112124.59448242188
 10
105418.78448486328
 20
112124.91290283203
 10
105418.2894897461
 20
112124.95330810547
 10
105419.61212158203
 20
112149.62170410156
 10
105415.52990722656
 20
112149.80731201172
 10
105415.57507324219
 20
112152.84509277344
 10
105417.01007080078
 20
112174.63311767578
 10
105417.08911132812
 20
112176.13549804688
 10
105417.18432617188
 20
112177.63647460938
 10
105420.07788085938
 20
112177.24890136719
 10
105421.19970703125
 20
112177.5029296875
 10
105422.04187011719
 20
112178.1566772461
 10
105422.57568359375
 20
112179.35827636719
 10
105422.79852294922
 20
112186.2783203125
 10
105423.11407470703
 20
112203.37170410156
 10
105423.16748046875
 20
112217.89831542969
 10
105423.48608398438
 20
112218.61828613281
 10
105423.3775024414
 20
112219.33728027344
 10
105423.04248046875
 20
112219.84228515625
 10
105422.89727783203
 20
112230.4287109375
 10
105422.86267089844
 20
112231.64892578125
 10
105422.68127441406
 20
112237.21612548828
 10
105422.66387939453
 20
112237.69372558594
 10
105422.36987304688
 20
112244.85229492188
 10
105422.35571289062
 20
112245.1597290039
 10
105422.28527832031
 20
112246.66387939453
 10
105421.92572021484
 20
112252.20288085938
 10
105421.4301147461
 20
112254.11212158203
 10
105420.92010498047
 20
112255.39910888672
 10
105419.49890136719
 20
112257.34967041016
 10
105418.11907958984
 20
112258.18310546875
 10
105417.28912353516
 20
112258.43408203125
 10
105409.99432373047
 20
112259.88171386719
 10
105409.38970947266
 20
112259.99768066406
 10
105409.92272949219
 20
112262.96209716797
 10
105406.25268554688
 20
112263.654296875
 10
105407.66571044922
 20
112271.18328857422
 10
105408.23468017578
 20
112274.19812011719
 10
105411.26147460938
 20
112273.75708007812
 10
105413.08129882812
 20
112273.49188232422
 10
105413.59112548828
 20
112273.41772460938
 10
105414.54852294922
 20
112274.06628417969
 10
105414.53112792969
 20
112274.09210205078
 10
105416.32531738281
 20
112275.3023071289
 10
105416.34008789062
 20
112275.28009033203
 10
105420.220703125
 20
112277.9873046875
 10
105419.99987792969
 20
112280.67291259766
 10
105418.81750488281
 20
112295.05047607422
 10
105417.17510986328
 20
112313.7640991211
 10
105416.81188964844
 20
112319.01971435547
 10
105416.72247314453
 20
112320.02532958984
 10
105416.53967285156
 20
112320.00909423828
 10
105416.43292236328
 20
112321.33508300781
 10
105416.54150390625
 20
112321.3442993164
 10
105416.69891357422
 20
112322.09887695312
 10
105416.36511230469
 20
112324.15948486328
 10
105415.36749267578
 20
112326.146484375
 10
105413.82092285156
 20
112327.65991210938
 10
105413.8969116211
 20
112327.8701171875
 10
105412.42169189453
 20
112328.19329833984
 10
105412.47747802734
 20
112328.48571777344
 10
105411.05310058594
 20
112328.75708007812
 10
105410.99230957031
 20
112328.43310546875
 10
105393.66827392578
 20
112331.93328857422
 10
105394.21112060547
 20
112334.77569580078
 10
105395.89709472656
 20
112345.04791259766
 10
105396.42108154297
 20
112348.78387451172
 10
105406.30712890625
 20
112347.03332519531
 10
105410.12127685547
 20
112347.99572753906
 10
105408.82507324219
 20
112363.4780883789
 10
105409.7017211914
 20
112363.55151367188
 10
105409.33068847656
 20
112367.99890136719
 10
105408.44750976562
 20
112367.98931884766
 10
105408.30950927734
 20
112369.64752197266
 10
105406.68231201172
 20
112390.12811279297
 10
105403.64532470703
 20
112393.45349121094
 10
105392.7359008789
 20
112395.5034790039
 10
105395.30792236328
 20
112409.09307861328
 10
105397.34289550781
 20
112420.27893066406
 10
105397.38789111609
 20
112420.67236505204
 10
105397.38067626953
 20
112421.06829833984
 10
105392.80712890625
 20
112475.27349853516
 10
105401.3734741211
 20
112475.99627685547
 10
105400.5444946289
 20
112486.94848632812
 10
105396.49969482422
 20
112540.38067626953
 10
105395.73931884766
 20
112550.3364868164
 10
105395.35089111328
 20
112555.29089355469
 10
105394.67108154297
 20
112563.53552246094
 10
105394.08947753906
 20
112570.10070800781
 10
105393.32928466797
 20
112577.95770263672
 10
105392.59771728516
 20
112584.7973022461
 10
105392.08349609375
 20
112589.21588134766
 10
105391.92776941974
 20
112589.98930316805
 10
105391.6523238851
 20
112590.7286013939
 10
105391.26401740471
 20
112591.41536932164
 10
105390.77251785282
 20
112592.03250812268
 10
105390.19006235675
 20
112592.56465256207
 10
105389.53115262267
 20
112592.99855355495
 10
105388.81219387882
 20
112593.3234080361
 10
105388.05108642578
 20
112593.53112792969
 10
105378.80810546875
 20
112595.28430175781
 10
105374.87310791016
 20
112595.99768066406
 10
105376.78729248047
 20
112606.3687133789
 10
105377.29467773438
 20
112609.11889648438
 10
105387.12268066406
 20
112607.361328125
 10
105388.46069335938
 20
112607.99029541016
 10
105389.39251708984
 20
112609.66870117188
 10
105389.59552001953
 20
112611.01171875
 10
105389.38989257812
 20
112612.26629638672
 10
105387.5629272461
 20
112621.06768798828
 10
105384.02728271484
 20
112637.84350585938
 10
105383.25268554688
 20
112637.84252929688
 10
105382.61407470703
 20
112640.55627441406
 10
105381.97528076172
 20
112643.2700805664
 10
105381.3364868164
 20
112645.98388671875
 10
105380.69787597656
 20
112648.69787597656
 10
105380.24450683594
 20
112648.78912353516
 10
105378.95788574219
 20
112654.18151855469
 10
105379.39349365234
 20
112654.16552734375
 10
105378.67492675781
 20
112657.29388427734
 10
105378.3051147461
 20
112657.50872802734
 10
105375.71490478516
 20
112658.16687011719
 10
105373.13348388672
 20
112675.3383178711
 10
105372.78369140625
 20
112677.43548583984
 10
105372.3286743164
 20
112677.55651855469
 10
105368.76190185547
 20
112699.31030273438
 10
105357.09149169922
 20
112743.3876953125
 10
105394.82119750977
 20
112753.40728759766
 10
105396.00207519531
 20
112748.78369140625
  0
TEXT
  5
A8
330
17
100
AcDbEntity
  8
40-ROT-UE
100
AcDbText
 10
105423.46973842342
 20
112275.32655707351
 30
0.0
 40
18.0
  1
UE-01  (11870.0)
 72
1
 11
105423.46973842342
 21
112275.32655707351
 31
0.0
100
AcDbText
 73
2
  0
LWPOLYLINE
  5
A9
330
17
100
AcDbEntity
  8
00-BASE-UE
100
AcDbPolyline
 90
445
 70
1
 10
105687.50030517578
 20
113818.08380126953
 10
105689.02630615234
 20
113823.30987548828
 10
105697.16711425781
 20
113820.41271972656
 10
105701.77990722656
 20
113818.93328857422
 10
105702.53729248047
 20
113818.69030761719
 10
105701.94268798828
 20
113816.90692138672
 10
105701.98571506167
 20
113816.89208198329
 10
105707.85088123301
 20
113814.86868473938
 10
105711.10430908203
 20
113813.74627685547
 10
105710.43408203125
 20
113811.91387939453
 10
105709.64447021484
 20
113809.75469970703
 10
105707.63269042969
 20
113804.43768310547
 10
105705.09228515625
 20
113799.61151123047
 10
105703.59552001953
 20
113796.7681274414
 10
105704.68328857422
 20
113794.296875
 10
105705.96392822266
 20
113794.87048339844
 10
105717.79510498047
 20
113800.18908691406
 10
105722.1885767728
 20
113801.81443250686
 10
105726.77138132147
 20
113802.78512563785
 10
105731.44653093487
 20
113803.0806231473
 10
105736.11508358657
 20
113802.69467130539
 10
105740.67823686417
 20
113801.63543816247
 10
105745.03941896363
 20
113799.92534068534
 10
105749.10633247622
 20
113797.60057033818
 10
105752.79290771484
 20
113794.71032714844
 10
105742.54431152344
 20
113783.43408203125
 10
105740.30641429886
 20
113785.1511700178
 10
105737.81492690745
 20
113786.47369250146
 10
105735.13873603403
 20
113787.36508329699
 10
105732.35183519662
 20
113787.80069650132
 10
105729.53127891304
 20
113787.76848792363
 10
105726.75505223445
 20
113787.2693480931
 10
105724.09991455078
 20
113786.31707763672
 10
105712.19989013672
 20
113781.04107666016
 10
105707.91809082031
 20
113779.0532836914
 10
105703.39868164062
 20
113776.96850585938
 10
105692.60028076172
 20
113772.08349609375
 10
105692.36749267578
 20
113771.837890625
 10
105690.54370117188
 20
113771.06970214844
 10
105690.02111816406
 20
113770.71990966797
 10
105688.92352294922
 20
113769.57592773438
 10
105689.33471679688
 20
113768.9301147461
 10
105689.08331298828
 20
113768.7368774414
 10
105688.22650146484
 20
113768.07849121094
 10
105687.85089111328
 20
113768.41510009766
 10
105686.73669433594
 20
113767.2280883789
 10
105681.7894897461
 20
113764.9605102539
 10
105677.97967529297
 20
113763.1187133789
 10
105673.07690429688
 20
113760.82550048828
 10
105668.20050048828
 20
113758.48168945312
 10
105660.6948852539
 20
113750.52331542969
 10
105655.13751220703
 20
113744.61572265625
 10
105651.337890625
 20
113740.62188720703
 10
105650.18487548828
 20
113739.29187011719
 10
105650.1723022461
 20
113739.14770507812
 10
105646.18347167969
 20
113735.08752441406
 10
105642.95568847656
 20
113731.65887451172
 10
105640.84350585938
 20
113729.50012207031
 10
105636.11889648438
 20
113724.58630371094
 10
105636.111328125
 20
113724.45568847656
 10
105631.94787597656
 20
113719.98950195312
 10
105628.81567382812
 20
113716.79412841797
 10
105625.2816772461
 20
113713.07189941406
 10
105622.8890991211
 20
113710.41809082031
 10
105620.54571533203
 20
113707.6058959961
 10
105617.10968017578
 20
113703.58111572266
 10
105614.32971191406
 20
113700.23168945312
 10
105612.31628417969
 20
113697.69873046875
 10
105612.2866821289
 20
113697.5347290039
 10
105612.59948730469
 20
113697.24530029297
 10
105611.60528564453
 20
113695.92248535156
 10
105611.42810058594
 20
113696.0205078125
 10
105611.345703125
 20
113695.82989501953
 10
105610.68450927734
 20
113696.23852539062
 10
105608.71252441406
 20
113693.17407226562
 10
105605.81689453125
 20
113688.81671142578
 10
105605.72088623047
 20
113686.67749023438
 10
105605.5698852539
 20
113683.31268310547
 10
105605.43328857422
 20
113682.22271728516
 10
105605.01928710938
 20
113678.91528320312
 10
105604.11071777344
 20
113674.90112304688
 10
105602.81628417969
 20
113675.19409179688
 10
105597.98071289062
 20
113676.48510742188
 10
105597.71508789062
 20
113676.49810791016
 10
105595.41772460938
 20
113671.80151367188
 10
105593.14050292969
 20
113667.08709716797
 10
105575.3521118164
 20
113628.75970458984
 10
105570.83911132812
 20
113619.2769165039
 10
105571.03210449219
 20
113619.2017211914
 10
105569.20971679688
 20
113616.73291015625
 10
105573.39947509766
 20
113613.736328125
 10
105574.97650146484
 20
113612.5062866211
 10
105571.7847290039
 20
113608.45532226562
 10
105558.39587402344
 20
113591.51788330078
 10
105550.63427734375
 20
113575.3120727539
 10
105548.24908447266
 20
113570.4808959961
 10
105545.62927246094
 20
113565.25811767578
 10
105544.46032714844
 20
113561.55310058594
 10
105542.89331054688
 20
113553.98071289062
 10
105542.13751220703
 20
113549.57232666016
 10
105541.61730957031
 20
113545.38989257812
 10
105541.54150390625
 20
113543.13470458984
 10
105541.76348876953
 20
113539.14770507812
 10
105539.94189453125
 20
113539.10107421875
 10
105539.87091064453
 20
113541.88208007812
 10
105539.92852783203
 20
113543.61267089844
 10
105534.15411376953
 20
113543.80047607422
 10
105533.08868408203
 20
113542.10870361328
 10
105529.4448852539
 20
113535.8442993164
 10
105527.205078125
 20
113532.14532470703
 10
105523.7221069336
 20
113526.37487792969
 10
105518.36688232422
 20
113518.09069824219
 10
105513.96209716797
 20
113511.40948486328
 10
105510.48791503906
 20
113507.28332519531
 10
105506.5269165039
 20
113502.57092285156
 10
105503.57928466797
 20
113499.00408935547
 10
105502.02209472656
 20
113497.03051757812
 10
105499.31329345703
 20
113493.48107910156
 10
105495.2308959961
 20
113488.19952392578
 10
105500.47692871094
 20
113483.85668945312
 10
105495.86828613281
 20
113478.00769042969
 10
105494.84948730469
 20
113476.720703125
 10
105490.32647705078
 20
113471.23571777344
 10
105484.478515625
 20
113464.35729980469
 10
105479.35089111328
 20
113458.22869873047
 10
105474.80712890625
 20
113452.44232177734
 10
105471.16107177734
 20
113447.34228515625
 10
105468.07611083984
 20
113442.95910644531
 10
105465.09228515625
 20
113438.55767822266
 10
105464.2640991211
 20
113437.30590820312
 10
105459.044921875
 20
113429.41772460938
 10
105454.36810302734
 20
113422.55908203125
 10
105450.43389892578
 20
113416.5814819336
 10
105449.39031982422
 20
113414.7631225586
 10
105449.22412109375
 20
113414.68572998047
 10
105445.03289794922
 20
113406.88488769531
 10
105442.76348876953
 20
113402.1275024414
 10
105441.0463256836
 20
113397.28247070312
 10
105439.59631347656
 20
113392.28247070312
 10
105438.33471679688
 20
113387.23071289062
 10
105437.26287841797
 20
113382.13647460938
 10
105436.38269042969
 20
113377.00451660156
 10
105435.69287109375
 20
113371.84448242188
 10
105435.19750976562
 20
113366.65167236328
 10
105434.87628173828
 20
113361.43487548828
 10
105434.7045288086
 20
113356.16711425781
 10
105434.65728759766
 20
113350.919921875
 10
105434.70611572266
 20
113345.67572021484
 10
105434.82568359375
 20
113340.38787841797
 10
105434.98931884766
 20
113335.11047363281
 10
105435.1030883789
 20
113329.59832763672
 10
105435.07067871094
 20
113321.3447265625
 10
105435.17590332031
 20
113312.0610961914
 10
105435.30847167969
 20
113306.0537109375
 10
105436.40771484375
 20
113308.9652709961
 10
105438.26928710938
 20
113308.23889160156
 10
105436.16131591797
 20
113302.6058959961
 10
105450.67749023438
 20
113298.52868652344
 10
105447.01348876953
 20
113289.22430419922
 10
105445.10879429351
 20
113285.26640022756
 10
105442.64767696033
 20
113281.62830094795
 10
105439.68267891704
 20
113278.38767577692
 10
105436.27709960938
 20
113275.6137084961
 10
105435.74450683594
 20
113275.25750732422
 10
105436.01147460938
 20
113270.36669921875
 10
105436.30810546875
 20
113264.92889404297
 10
105436.6431274414
 20
113258.78649902344
 10
105438.48028564453
 20
113225.10131835938
 10
105439.05659374568
 20
113210.9532940545
 10
105439.24277777158
 20
113196.79476099959
 10
105439.03869628906
 20
113182.63647460938
 10
105441.9605102539
 20
113177.16967773438
 10
105441.44311523438
 20
113175.8115234375
 10
105442.85888671875
 20
113175.30487060547
 10
105444.55029296875
 20
113172.18170166016
 10
105444.84289550781
 20
113171.470703125
 10
105446.87951660156
 20
113167.62707519531
 10
105448.10052490234
 20
113165.32373046875
 10
105448.20672607422
 20
113165.35510253906
 10
105449.53833007812
 20
113162.70068359375
 10
105445.16088867188
 20
113160.35528564453
 10
105441.44110107422
 20
113158.16009521484
 10
105439.31469726562
 20
113156.98248291016
 10
105441.10131835938
 20
113153.78289794922
 10
105441.30969238281
 20
113152.419921875
 10
105441.22131347656
 20
113148.95587158203
 10
105440.91088867188
 20
113140.15789794922
 10
105440.31372070312
 20
113132.60711669922
 10
105439.4808959961
 20
113121.18530273438
 10
105437.8950805664
 20
113113.66510009766
 10
105435.3876953125
 20
113100.12670898438
 10
105434.07470703125
 20
113099.1547241211
 10
105432.0513305664
 20
113094.88549804688
 10
105433.46091180784
 20
113092.31841921763
 10
105435.16510009766
 20
113089.93670654297
 10
105433.978515625
 20
113086.96569824219
 10
105430.86712646484
 20
113079.10870361328
 10
105426.61767578125
 20
113068.53411865234
 10
105408.0620727539
 20
113007.84069824219
 10
105404.42987037209
 20
112996.2570792755
 10
105357.1284790039
 20
113010.0112915039
 10
105357.76568603516
 20
113012.05108642578
 10
105358.42108154297
 20
113014.26708984375
 10
105362.20812988281
 20
113026.65411376953
 10
105367.32110595703
 20
113043.28912353516
 10
105369.81408691406
 20
113051.35510253906
 10
105370.81768798828
 20
113054.55151367188
 10
105370.24169921875
 20
113054.8148803711
 10
105371.69152832031
 20
113059.4375
 10
105376.79711914062
 20
113075.97412109375
 10
105381.7211303711
 20
113092.1431274414
 10
105385.65008544922
 20
113106.37109375
 10
105386.97912597656
 20
113112.52508544922
 10
105387.47607421875
 20
113114.54412841797
 10
105388.07611083984
 20
113117.76110839844
 10
105388.06408691406
 20
113118.96508789062
 10
105387.47412109375
 20
113120.01208496094
 10
105386.46911621094
 20
113121.00311279297
 10
105370.01330566406
 20
113126.9047241211
 10
105375.21569824219
 20
113141.18872070312
 10
105385.19848632812
 20
113137.6773071289
 10
105386.18091037958
 20
113137.42271779197
 10
105387.19218941565
 20
113137.33735117935
 10
105388.20338934865
 20
113137.42364974754
 10
105389.18557835411
 20
113137.67914437549
 10
105390.11065465023
 20
113138.0965250096
 10
105390.95215052855
 20
113138.66384981439
 10
105391.68598963163
 20
113139.3648868449
 10
105392.29117581084
 20
113140.179578465
 10
105392.75039385507
 20
113141.08461522404
 10
105393.05050490284
 20
113142.05410277237
 10
105393.18292236328
 20
113143.06030273438
 10
105393.294921875
 20
113145.6353149414
 10
105393.37109375
 20
113147.59631347656
 10
105393.51531982422
 20
113151.57489013672
 10
105394.53967285156
 20
113180.52911376953
 10
105394.80670166016
 20
113183.52392578125
 10
105394.46112060547
 20
113203.48510742188
 10
105394.1450805664
 20
113213.00311279297
 10
105393.50207519531
 20
113228.50012207031
 10
105382.91711425781
 20
113238.24932861328
 10
105382.81567382812
 20
113238.24169921875
 10
105382.4467163086
 20
113238.2437133789
 10
105382.44970703125
 20
113238.29467773438
 10
105382.45587158203
 20
113245.16607666016
 10
105382.45587158203
 20
113245.26611328125
 10
105382.4794921875
 20
113245.55688476562
 10
105382.14532470703
 20
113252.19409179688
 10
105381.86108398438
 20
113257.49328613281
 10
105381.7373046875
 20
113260.39587402344
 10
105381.70050048828
 20
113260.91931152344
 10
105381.31427001953
 20
113262.7299194336
 10
105380.29370117188
 20
113265.29327392578
 10
105380.26708984375
 20
113265.32647705078
 10
105382.26629638672
 20
113268.3203125
 10
105380.82647705078
 20
113269.28192138672
 10
105373.34307861328
 20
113273.9130859375
 10
105367.28930664062
 20
113276.56549072266
 10
105373.69268798828
 20
113291.18048095703
 10
105382.19372558594
 20
113287.82507324219
 10
105383.08040580431
 20
113287.69378517133
 10
105383.97671760737
 20
113287.68581529487
 10
105384.86559223081
 20
113287.80131538583
 10
105385.73010253906
 20
113288.0380859375
 10
105388.27709960938
 20
113289.60388183594
 10
105389.00316722551
 20
113290.23495273304
 10
105389.62768886272
 20
113290.96666127133
 10
105390.13687093687
 20
113291.78284646828
 10
105390.51946732716
 20
113292.66548153586
 10
105390.76702776512
 20
113293.59507203168
 10
105390.87408447266
 20
113294.55108642578
 10
105390.64910888672
 20
113299.9730834961
 10
105390.30212402344
 20
113307.8060913086
 10
105390.18670654297
 20
113311.03088378906
 10
105389.35107421875
 20
113334.37689208984
 10
105389.26531982422
 20
113336.7728881836
 10
105389.06610107422
 20
113342.34149169922
 10
105387.17291259766
 20
113343.15411376953
 10
105387.14471435547
 20
113347.10528564453
 10
105389.32312011719
 20
113348.5140991211
 10
105389.65087890625
 20
113354.92889404297
 10
105390.23852539062
 20
113361.99591064453
 10
105391.42810058594
 20
113369.90032958984
 10
105393.15148925781
 20
113380.513671875
 10
105394.9711303711
 20
113388.34350585938
 10
105394.51348876953
 20
113390.8189086914
 10
105393.736328125
 20
113392.53967285156
 10
105391.52368164062
 20
113394.48291015625
 10
105388.82708740234
 20
113395.56170654297
 10
105380.00787353516
 20
113399.11669921875
 10
105382.08172607422
 20
113404.24530029297
 10
105384.5482788086
 20
113410.38067626953
 10
105393.78350830078
 20
113406.72247314453
 10
105395.2719116211
 20
113406.13287353516
 10
105397.94409179688
 20
113405.57092285156
 10
105399.9439086914
 20
113406.21032714844
 10
105401.02569580078
 20
113407.2515258789
 10
105401.91772460938
 20
113408.84411621094
 10
105403.04107666016
 20
113411.60388183594
 10
105404.22650146484
 20
113414.51190185547
 10
105406.71392822266
 20
113419.888671875
 10
105409.2885131836
 20
113424.95690917969
 10
105413.84130859375
 20
113433.09692382812
 10
105415.23388671875
 20
113435.66271972656
 10
105415.69152832031
 20
113438.68292236328
 10
105415.69830322266
 20
113438.85791015625
 10
105414.89929199219
 20
113441.3037109375
 10
105413.7548828125
 20
113442.89349365234
 10
105412.720703125
 20
113443.70629882812
 10
105411.67791748047
 20
113444.12872314453
 10
105408.08807373047
 20
113445.58331298828
 10
105402.4970703125
 20
113448.09509277344
 10
105407.84051513672
 20
113460.35772705078
 10
105412.04608154297
 20
113470.01330566406
 10
105413.21173095703
 20
113472.7045288086
 10
105415.86712646484
 20
113471.61932373047
 10
105423.68670654297
 20
113468.1224975586
 10
105430.30407714844
 20
113465.67291259766
 10
105432.72631835938
 20
113465.63751220703
 10
105435.07891845703
 20
113467.07830810547
 10
105436.41491699219
 20
113468.3032836914
 10
105437.21008300781
 20
113469.40130615234
 10
105439.69873046875
 20
113472.83807373047
 10
105442.70611572266
 20
113477.27471923828
 10
105444.72131347656
 20
113480.2474975586
 10
105451.27410888672
 20
113489.63891601562
 10
105453.93170166016
 20
113493.6630859375
 10
105454.08331298828
 20
113493.7017211914
 10
105456.60107421875
 20
113497.57629394531
 10
105458.93249511719
 20
113501.16369628906
 10
105461.22271728516
 20
113504.59088134766
 10
105464.91687011719
 20
113510.11907958984
 10
105465.78369140625
 20
113511.40551757812
 10
105470.1939086914
 20
113517.94927978516
 10
105474.02508544922
 20
113523.71472167969
 10
105474.90808105469
 20
113525.03289794922
 10
105478.75549316406
 20
113530.71850585938
 10
105481.96990966797
 20
113535.42291259766
 10
105483.96569824219
 20
113538.4296875
 10
105486.11749267578
 20
113541.671875
 10
105488.5444946289
 20
113545.38269042969
 10
105490.54949951172
 20
113548.44848632812
 10
105492.77130126953
 20
113552.0620727539
 10
105493.271484375
 20
113552.87567138672
 10
105496.9642944336
 20
113558.9614868164
 10
105499.205078125
 20
113562.9263305664
 10
105500.38830566406
 20
113565.13189697266
 10
105500.96228027344
 20
113566.17889404297
 10
105502.93212890625
 20
113569.77111816406
 10
105504.66650390625
 20
113573.11932373047
 10
105508.37591552734
 20
113580.32012939453
 10
105508.91412353516
 20
113581.36767578125
 10
105511.86688232422
 20
113587.66387939453
 10
105512.31170654297
 20
113588.53228759766
 10
105515.2769165039
 20
113594.71252441406
 10
105515.45092773438
 20
113595.21868896484
 10
105518.80969238281
 20
113602.47247314453
 10
105521.55670166016
 20
113608.37951660156
 10
105524.93627929688
 20
113615.78332519531
 10
105528.3148803711
 20
113623.25708007812
 10
105528.02111816406
 20
113623.37768554688
 10
105528.13330078125
 20
113624.17950439453
 10
105528.21868896484
 20
113625.03912353516
 10
105528.11712646484
 20
113625.96087646484
 10
105527.71087646484
 20
113627.79711914062
 10
105527.09747314453
 20
113628.99829101562
 10
105526.36730957031
 20
113630.23449707031
 10
105525.35168457031
 20
113631.4375
 10
105525.1875
 20
113631.53912353516
 10
105524.296875
 20
113632.0703125
 10
105522.8480834961
 20
113632.73107910156
 10
105524.24688720703
 20
113636.26867675781
 10
105527.34191894531
 20
113643.10028076172
 10
105524.96868896484
 20
113644.17529296875
 10
105526.17950439453
 20
113646.84790039062
 10
105530.72229003906
 20
113644.8392944336
 10
105531.49688720703
 20
113644.65307617188
 10
105534.27587890625
 20
113644.36511230469
 10
105534.91607666016
 20
113644.54327392578
 10
105535.75891113281
 20
113644.7778930664
 10
105536.8853149414
 20
113645.09149169922
 10
105538.37432861328
 20
113646.13012695312
 10
105539.21087646484
 20
113647.29608154297
 10
105539.61791992188
 20
113647.86627197266
 10
105540.60552978516
 20
113650.01788330078
 10
105541.9721069336
 20
113652.89367675781
 10
105544.15911865234
 20
113657.38610839844
 10
105544.2640991211
 20
113657.61212158203
 10
105546.01348876953
 20
113661.50048828125
 10
105546.1137084961
 20
113661.7230834961
 10
105546.2202758789
 20
113661.90447998047
 10
105546.40112304688
 20
113661.80712890625
 10
105550.05712890625
 20
113669.8890991211
 10
105552.70251464844
 20
113675.50549316406
 10
105555.5380859375
 20
113681.52508544922
 10
105556.27709960938
 20
113682.99432373047
 10
105557.20349121094
 20
113684.92370605469
 10
105557.34008789062
 20
113685.19708251953
 10
105558.24688720703
 20
113686.92608642578
 10
105560.76208496094
 20
113691.64251708984
 10
105562.38928222656
 20
113694.72332763672
 10
105562.40612792969
 20
113694.75512695312
 10
105567.33312988281
 20
113703.19409179688
 10
105568.24212646484
 20
113704.66711425781
 10
105570.54608154297
 20
113708.46948242188
 10
105572.96710205078
 20
113712.45709228516
 10
105563.25170898438
 20
113716.67510986328
 10
105564.94873046875
 20
113720.35467529297
 10
105569.05767822266
 20
113718.50909423828
 10
105572.75427246094
 20
113726.93371582031
 10
105573.62170410156
 20
113728.91009521484
 10
105582.52172851562
 20
113724.89910888672
 10
105585.46069335938
 20
113728.37609863281
 10
105586.36047363281
 20
113729.44848632812
 10
105589.42907714844
 20
113733.07110595703
 10
105589.52032470703
 20
113733.1773071289
 10
105591.85552978516
 20
113735.8687133789
 10
105593.5786743164
 20
113737.87170410156
 10
105597.8037109375
 20
113742.43927001953
 10
105602.3217163086
 20
113747.3461303711
 10
105607.13427734375
 20
113752.35052490234
 10
105610.98107910156
 20
113756.4057006836
 10
105614.3618774414
 20
113759.9130859375
 10
105616.33331298828
 20
113761.96087646484
 10
105620.06469726562
 20
113765.8139038086
 10
105621.45709228516
 20
113767.25170898438
 10
105625.69787597656
 20
113771.76489257812
 10
105626.48907470703
 20
113772.6021118164
 10
105626.46508789062
 20
113772.646484375
 10
105629.03692626953
 20
113775.2885131836
 10
105635.32012939453
 20
113781.4818725586
 10
105639.42449951172
 20
113785.8286743164
 10
105642.13848876953
 20
113788.55029296875
 10
105643.64770507812
 20
113790.06372070312
 10
105644.20489501953
 20
113790.73571777344
 10
105646.70831298828
 20
113795.17150878906
 10
105651.15771484375
 20
113803.05572509766
 10
105654.35247802734
 20
113808.70989990234
 10
105655.53552246094
 20
113810.79431152344
 10
105658.19989013672
 20
113815.52770996094
 10
105659.92712402344
 20
113818.59631347656
 10
105661.6962890625
 20
113821.81848144531
 10
105662.47668457031
 20
113823.2396850586
 10
105664.31829833984
 20
113826.51391601562
 10
105687.50030517578
 20
113818.08380126953
  0
TEXT
  5
AA
330
17
100
AcDbEntity
  8
40-ROT-UE
100
AcDbText
 10
105485.66852776844
 20
113421.1355983237
 30
0.0
 40
18.0
  1
UE-02  (12900.0)
 72
1
 11
105485.66852776844
 21
113421.1355983237
 31
0.0
100
AcDbText
 73
2
  0
LWPOLYLINE
  5
AB
330
17
100
AcDbEntity
  8
00-BASE-UE
100
AcDbPolyline
 90
810
 70
1
 10
105932.99230957031
 20
114964.66687011719
 10
105935.34692382812
 20
114964.42669677734
 10
105941.19621495341
 20
114963.83029553934
 10
105941.8116568153
 20
114963.7503102457
 10
105941.6732788086
 20
114962.39331054688
 10
105945.1552734375
 20
114962.03833007812
 10
105945.32971191406
 20
114963.74871826172
 10
105952.52728271484
 20
114963.01489257812
 10
105952.40579223633
 20
114961.9204711914
 10
105952.2963256836
 20
114960.9351196289
 10
105952.28088378906
 20
114960.79809570312
 10
105975.58392333984
 20
114958.39569091797
 10
105974.68731689453
 20
114953.13372802734
 10
105974.10028076172
 20
114949.6884765625
 10
105973.1021118164
 20
114948.21008300781
 10
105972.83245643982
 20
114947.50813420904
 10
105972.6684169962
 20
114946.7742832711
 10
105972.61352479536
 20
114946.02432794942
 10
105972.66896151265
 20
114945.27441268181
 10
105972.83353375082
 20
114944.5406810438
 10
105973.10369873047
 20
114943.83892822266
 10
105971.25787353516
 20
114933.00427246094
 10
105973.99230957031
 20
114932.08251953125
 10
105975.49768066406
 20
114931.88348388672
 10
105972.71008300781
 20
114929.9780883789
 10
105969.90393066406
 20
114930.421875
 10
105969.62451171875
 20
114928.64587402344
 10
105972.53833007812
 20
114928.24530029297
 10
105975.73272705078
 20
114927.72607421875
 10
105974.37951660156
 20
114917.78747558594
 10
105973.94470214844
 20
114914.59448242188
 10
105972.20788574219
 20
114914.5357055664
 10
105967.7152709961
 20
114911.11828613281
 10
105966.58532714844
 20
114909.5458984375
 10
105965.3900756836
 20
114896.01171875
 10
105965.4664407261
 20
114895.80172126858
 10
105965.57445277245
 20
114895.60610951085
 10
105965.71149758
 20
114895.42961791718
 10
105965.87425821899
 20
114895.2765181578
 10
105966.05879535286
 20
114895.15051574458
 10
105966.26064258315
 20
114895.05466034544
 10
105966.47491455078
 20
114894.99127197266
 10
105966.34851074219
 20
114891.63830566406
 10
105966.06451416016
 20
114890.74670410156
 10
105965.44812011719
 20
114889.91510009766
 10
105965.0805053711
 20
114885.80090332031
 10
105965.05432128906
 20
114885.7359008789
 10
105965.28192138672
 20
114884.45428466797
 10
105968.54748535156
 20
114881.1146850586
 10
105968.81329345703
 20
114880.92590332031
 10
105973.27630615234
 20
114878.33270263672
 10
105974.0025024414
 20
114877.88928222656
 10
105971.78833007812
 20
114874.26110839844
 10
105967.93591308594
 20
114867.38787841797
 10
105965.87176707432
 20
114867.44245708984
 10
105963.82882312739
 20
114867.14236107469
 10
105961.86757097916
 20
114866.49647594578
 10
105960.04608154297
 20
114865.52392578125
 10
105959.8775024414
 20
114865.03771972656
 10
105959.71789550781
 20
114862.08990478516
 10
105959.5980834961
 20
114862.01647949219
 10
105959.353515625
 20
114856.32208251953
 10
105959.34509277344
 20
114855.49407958984
 10
105960.22912597656
 20
114855.14532470703
 10
105959.13671875
 20
114852.30572509766
 10
105958.71087646484
 20
114845.94549560547
 10
105958.75872802734
 20
114845.93951416016
 10
105958.8637084961
 20
114845.95532226562
 10
105958.58209228516
 20
114841.77307128906
 10
105957.81829833984
 20
114830.43249511719
 10
105956.86907958984
 20
114816.32312011719
 10
105956.18908691406
 20
114806.29010009766
 10
105955.68231201172
 20
114798.2114868164
 10
105955.6450805664
 20
114779.4721069336
 10
105955.2221069336
 20
114774.17108154297
 10
105955.1787109375
 20
114769.86267089844
 10
105954.6796875
 20
114741.7807006836
 10
105954.66290283203
 20
114740.84307861328
 10
105954.64587402344
 20
114739.9028930664
 10
105954.62811279297
 20
114738.95989990234
 10
105954.60949707031
 20
114738.01647949219
 10
105954.58947753906
 20
114737.06848144531
 10
105954.56787109375
 20
114736.11749267578
 10
105954.51867675781
 20
114734.20727539062
 10
105954.49291992188
 20
114733.33508300781
 10
105951.34368896484
 20
114706.39672851562
 10
105950.96948242188
 20
114704.1528930664
 10
105949.23491203513
 20
114697.71643472677
 10
105947.26611328125
 20
114691.34771728516
 10
105944.2368774414
 20
114682.34649658203
 10
105940.71551513672
 20
114672.06829833984
 10
105932.37292480469
 20
114647.71789550781
 10
105925.5015258789
 20
114627.66229248047
 10
105925.11709013589
 20
114626.18019624974
 10
105924.94847564213
 20
114624.65836536881
 10
105924.99914600374
 20
114623.12806063051
 10
105925.26806037205
 20
114621.62071689394
 10
105925.74969482422
 20
114620.16729736328
 10
105927.91247558594
 20
114619.3433227539
 10
105930.35107421875
 20
114618.41790771484
 10
105928.64147949219
 20
114613.08447265625
 10
105928.1478881836
 20
114611.54187011719
 10
105926.74188232422
 20
114607.14611816406
 10
105929.23791503906
 20
114606.32348632812
 10
105928.31567382812
 20
114603.5150756836
 10
105927.99212646484
 20
114602.46728515625
 10
105920.47509765625
 20
114604.76708984375
 10
105919.95302056828
 20
114604.77132333779
 10
105919.43639330051
 20
114604.69596635776
 10
105918.937278237
 20
114604.54277836336
 10
105918.46732888113
 20
114604.31533603845
 10
105918.03751776567
 20
114604.01894978156
 10
105917.65788026249
 20
114603.66053971692
 10
105917.33728027344
 20
114603.2484741211
 10
105916.84448242188
 20
114602.39569091797
 10
105914.33349609375
 20
114595.06671142578
 10
105911.97790527344
 20
114588.19152832031
 10
105907.28411865234
 20
114574.49151611328
 10
105903.34967937882
 20
114562.59844846331
 10
105899.66809082031
 20
114550.62469482422
 10
105899.49515310295
 20
114549.7757450864
 10
105899.47136256642
 20
114548.90968670395
 10
105899.59743352565
 20
114548.0525232279
 10
105899.86958067851
 20
114547.22999113817
 10
105900.27963276024
 20
114546.46678710142
 10
105900.81527788696
 20
114545.78582644936
 10
105901.46043322212
 20
114545.20755514198
 10
105902.19572786649
 20
114544.74933587418
 10
105902.99908447266
 20
114544.42492675781
 10
105910.51690673828
 20
114542.12371826172
 10
105905.92431640625
 20
114527.03771972656
 10
105904.80407714844
 20
114527.32647705078
 10
105899.21948242188
 20
114528.83032226562
 10
105898.43262179727
 20
114528.97586340547
 10
105897.63262032493
 20
114528.99401582101
 10
105896.83996812884
 20
114528.88431458152
 10
105896.07496709882
 20
114528.64956942182
 10
105895.35721090625
 20
114528.29579277762
 10
105894.70508315903
 20
114527.8320457914
 10
105894.1352865494
 20
114527.27020623282
 10
105893.66241505445
 20
114526.62466427818
 10
105893.29858014637
 20
114525.91195394039
 10
105893.05310058594
 20
114525.15032958984
 10
105892.13507080078
 20
114521.25909423828
 10
105889.48211669922
 20
114510.3931274414
 10
105886.63409423828
 20
114497.56707763672
 10
105885.44110107422
 20
114493.24212646484
 10
105881.2691040039
 20
114475.537109375
 10
105877.50830078125
 20
114458.43908691406
 10
105875.90789794922
 20
114451.2719116211
 10
105872.4273071289
 20
114434.19329833984
 10
105869.16967773438
 20
114410.48547363281
 10
105868.98211669922
 20
114406.93591308594
 10
105868.2631225586
 20
114400.1099243164
 10
105867.73669433594
 20
114392.03649902344
 10
105867.61389160156
 20
114391.28607177734
 10
105867.37390136719
 20
114386.59832763672
 10
105865.72271728516
 20
114336.38647460938
 10
105865.33172607422
 20
114327.59771728516
 10
105865.24768066406
 20
114326.72772216797
 10
105865.1547241211
 20
114324.1030883789
 10
105864.4185180664
 20
114316.10791015625
 10
105863.18151855469
 20
114310.33807373047
 10
105862.24890136719
 20
114305.46990966797
 10
105860.76489257812
 20
114298.59588623047
 10
105860.25207519531
 20
114297.1860961914
 10
105859.91052246094
 20
114295.76550292969
 10
105858.44207763672
 20
114289.05688476562
 10
105854.57287597656
 20
114278.33288574219
 10
105849.328125
 20
114265.3558959961
 10
105843.46691894531
 20
114252.9019165039
 10
105842.53210449219
 20
114250.20849609375
 10
105842.21270751953
 20
114247.83868408203
 10
105842.4273071289
 20
114246.56707763672
 10
105842.82409667969
 20
114245.02471923828
 10
105843.03411865234
 20
114244.20788574219
 10
105842.03308105469
 20
114243.845703125
 10
105841.78692626953
 20
114244.5126953125
 10
105836.15167236328
 20
114242.34411621094
 10
105835.81811523438
 20
114243.0473022461
 10
105834.50811767578
 20
114242.38110351562
 10
105833.36608886719
 20
114241.76007080078
 10
105832.88110351562
 20
114240.75909423828
 10
105832.9370727539
 20
114239.02807617188
 10
105832.8101196289
 20
114238.62707519531
 10
105831.96008300781
 20
114237.50207519531
 10
105831.89288330078
 20
114236.74627685547
 10
105832.02990722656
 20
114236.41668701172
 10
105832.49609375
 20
114235.6870727539
 10
105832.69989013672
 20
114235.43572998047
 10
105832.61767578125
 20
114235.31829833984
 10
105830.91247558594
 20
114232.83172607422
 10
105827.52947998047
 20
114227.58630371094
 10
105823.81628417969
 20
114222.09210205078
 10
105820.19049072266
 20
114216.55249023438
 10
105817.2894897461
 20
114212.35607910156
 10
105811.74810791016
 20
114204.26727294922
 10
105811.4047241211
 20
114203.02709960938
 10
105811.4384765625
 20
114202.82409667969
 10
105807.7626953125
 20
114198.12768554688
 10
105805.00512695312
 20
114194.64208984375
 10
105804.49932861328
 20
114194.05487060547
 10
105804.7728881836
 20
114193.68292236328
 10
105802.037109375
 20
114190.46228027344
 10
105802.36791992188
 20
114190.06909179688
 10
105808.00231933594
 20
114185.36987304688
 10
105807.14172363281
 20
114184.337890625
 10
105805.10632324219
 20
114182.3549194336
 10
105802.90887451172
 20
114180.73010253906
 10
105799.50408935547
 20
114179.22888183594
 10
105797.2534790039
 20
114178.67907714844
 10
105794.60028076172
 20
114178.28912353516
 10
105787.96807861328
 20
114168.20892333984
 10
105781.07092285156
 20
114157.72589111328
 10
105772.88372802734
 20
114145.20471191406
 10
105766.83447265625
 20
114135.29571533203
 10
105767.52630615234
 20
114134.86248779297
 10
105762.17309570312
 20
114126.38507080078
 10
105758.76928710938
 20
114120.45709228516
 10
105757.99212646484
 20
114119.0200805664
 10
105756.67712402344
 20
114116.44647216797
 10
105754.69787597656
 20
114112.353515625
 10
105752.34729003906
 20
114107.43029785156
 10
105750.8037109375
 20
114104.00067138672
 10
105748.79809570312
 20
114099.49212646484
 10
105746.63348388672
 20
114094.44592285156
 10
105746.47912597656
 20
114093.98712158203
 10
105747.13690185547
 20
114092.83673095703
 10
105745.52868652344
 20
114087.57012939453
 10
105744.14611816406
 20
114082.87487792969
 10
105743.46447753906
 20
114080.5620727539
 10
105742.32208251953
 20
114076.67987060547
 10
105736.59088134766
 20
114077.58068847656
 10
105734.67071533203
 20
114069.75170898438
 10
105734.34112548828
 20
114068.23651123047
 10
105734.18768310547
 20
114067.50927734375
 10
105734.03747558594
 20
114066.78088378906
 10
105733.89031982422
 20
114066.05169677734
 10
105733.74591064453
 20
114065.32147216797
 10
105733.60430908203
 20
114064.5902709961
 10
105733.46569824219
 20
114063.85827636719
 10
105733.32989501953
 20
114063.12530517578
 10
105733.1967163086
 20
114062.39129638672
 10
105733.06628417969
 20
114061.6566772461
 10
105732.93872070312
 20
114060.92108154297
 10
105732.81372070312
 20
114060.18469238281
 10
105732.69128417969
 20
114059.44732666016
 10
105732.5712890625
 20
114058.70928955078
 10
105732.4541015625
 20
114057.97052001953
 10
105732.3392944336
 20
114057.2308959961
 10
105732.22692871094
 20
114056.49072265625
 10
105732.11688232422
 20
114055.74951171875
 10
105732.00927734375
 20
114055.00769042969
 10
105731.90411376953
 20
114054.26531982422
 10
105731.80108642578
 20
114053.52209472656
 10
105731.70031738281
 20
114052.77807617188
 10
105731.60192871094
 20
114052.03369140625
 10
105731.50549316406
 20
114051.2885131836
 10
105731.41131591797
 20
114050.54248046875
 10
105731.31909179688
 20
114049.79608154297
 10
105731.22912597656
 20
114049.04888916016
 10
105731.14093017578
 20
114048.3013305664
 10
105731.0546875
 20
114047.55291748047
 10
105730.97052001953
 20
114046.80407714844
 10
105730.80767822266
 20
114045.30450439453
 10
105730.7963256836
 20
114045.13452148438
 10
105730.7958984375
 20
114045.12707519531
 10
105729.70428466797
 20
114028.8862915039
 10
105729.70383706548
 20
114028.87848409603
 10
105728.41052246094
 20
114009.63409423828
 10
105728.40087890625
 20
114009.49108886719
 10
105728.39331054688
 20
114009.3779296875
 10
105728.37726748984
 20
114009.21152020418
 10
105728.38917864482
 20
114009.04476403425
 10
105728.4287109375
 20
114008.88232421875
 10
105728.11810302734
 20
114003.53308105469
 10
105727.87408447266
 20
113999.3286743164
 10
105727.68347167969
 20
113996.28552246094
 10
105727.66586951444
 20
113996.1647514279
 10
105727.66809082031
 20
113996.04272460938
 10
105727.66809082031
 20
113996.03228759766
 10
105727.23440551758
 20
113979.61340332031
 10
105737.90808105469
 20
113982.77331542969
 10
105729.29949951172
 20
113974.80151367188
 10
105729.30908203125
 20
113973.1353149414
 10
105729.28607177734
 20
113968.11450195312
 10
105729.13311767578
 20
113963.0864868164
 10
105728.80908203125
 20
113958.08868408203
 10
105728.59252929688
 20
113953.10888671875
 10
105728.42272949219
 20
113948.09912109375
 10
105728.0791015625
 20
113943.10388183594
 10
105727.86328125
 20
113938.1224975586
 10
105727.6616821289
 20
113933.14587402344
 10
105727.63708496094
 20
113928.13647460938
 10
105727.36828613281
 20
113923.12310791016
 10
105727.14288330078
 20
113918.11352539062
 10
105726.60528564453
 20
113911.63348388672
 10
105726.14611816406
 20
113906.62188720703
 10
105725.73828125
 20
113902.83868408203
 10
105724.8101196289
 20
113897.54467773438
 10
105724.50708007812
 20
113894.19512939453
 10
105723.82531738281
 20
113887.17431640625
 10
105722.6782836914
 20
113876.87707519531
 10
105721.87091064453
 20
113871.91491699219
 10
105721.05529785156
 20
113867.01232910156
 10
105720.55529785156
 20
113862.01751708984
 10
105719.5629272461
 20
113856.94830322266
 10
105718.94128417969
 20
113852.14367675781
 10
105718.044921875
 20
113845.82147216797
 10
105717.55108642578
 20
113841.97088623047
 10
105716.98107910156
 20
113836.69311523438
 10
105716.6519165039
 20
113834.58392333984
 10
105716.25927734375
 20
113832.06787109375
 10
105714.96087646484
 20
113825.90692138672
 10
105713.5601196289
 20
113820.91668701172
 10
105711.5219116211
 20
113814.8881225586
 10
105711.10430908203
 20
113813.74627685547
 10
105707.85088123301
 20
113814.86868473938
 10
105701.98571506167
 20
113816.89208198329
 10
105701.94268798828
 20
113816.90692138672
 10
105702.53729248047
 20
113818.69030761719
 10
105689.02630615234
 20
113823.30987548828
 10
105687.50030517578
 20
113818.08380126953
 10
105680.91790771484
 20
113820.4818725586
 10
105679.52307128906
 20
113820.99029541016
 10
105673.03649902344
 20
113823.44610595703
 10
105666.74127197266
 20
113825.82971191406
 10
105664.2802734375
 20
113826.76147460938
 10
105664.2105102539
 20
113827.21612548828
 10
105663.86407470703
 20
113827.85327148438
 10
105663.39208984375
 20
113828.13153076172
 10
105658.17492675781
 20
113830.41430664062
 10
105650.52087402344
 20
113833.87609863281
 10
105652.0140991211
 20
113837.27508544922
 10
105658.12310791016
 20
113842.41027832031
 10
105660.1400756836
 20
113846.97967529297
 10
105664.27209472656
 20
113845.19067382812
 10
105664.89947509766
 20
113846.63970947266
 10
105664.99127197266
 20
113846.60009765625
 10
105665.4800351075
 20
113846.04581771916
 10
105666.05345775161
 20
113845.57966096242
 10
105666.6958602981
 20
113845.21437392611
 10
105667.38967696104
 20
113844.95994497952
 10
105668.11593609246
 20
113844.82333120034
 10
105668.85477894102
 20
113844.808268141
 10
105669.58600266761
 20
113844.91516768416
 10
105670.2896127695
 20
113845.14110678024
 10
105670.946369808
 20
113845.479907375
 10
105671.53831548952
 20
113845.9223053415
 10
105672.0492637152
 20
113846.45620379751
 10
105672.46524317187
 20
113847.06700388121
 10
105672.77487936216
 20
113847.73800394105
 10
105672.96970562749
 20
113848.45085622376
 10
105673.04439465949
 20
113849.18606857346
 10
105672.9969041693
 20
113849.92353742295
 10
105672.82853273179
 20
113850.6430975036
 10
105672.54388427734
 20
113851.32507324219
 10
105673.38928222656
 20
113851.8461303711
 10
105674.40087890625
 20
113857.8101196289
 10
105674.85290527344
 20
113860.39031982422
 10
105675.57928466797
 20
113864.43768310547
 10
105675.90130615234
 20
113866.24890136719
 10
105676.90411376953
 20
113872.24670410156
 10
105677.58868408203
 20
113876.3618774414
 10
105677.83367919922
 20
113877.79290771484
 10
105678.15869140625
 20
113884.56689453125
 10
105678.2221069336
 20
113886.31408691406
 10
105678.27307128906
 20
113887.67010498047
 10
105678.396484375
 20
113889.52471923828
 10
105678.43029785156
 20
113890.04791259766
 10
105678.00952148438
 20
113890.0698852539
 10
105678.01110839844
 20
113890.10607910156
 10
105678.1400756836
 20
113894.07507324219
 10
105678.40209960938
 20
113899.59112548828
 10
105678.63690185547
 20
113902.3881225586
 10
105678.69329833984
 20
113903.62829589844
 10
105678.73413085938
 20
113904.52307128906
 10
105677.67010498047
 20
113904.88708496094
 10
105679.29711914062
 20
113909.11309814453
 10
105679.87512207031
 20
113910.52410888672
 10
105679.28387451172
 20
113910.78869628906
 10
105679.87670898438
 20
113914.74609375
 10
105679.88012695312
 20
113916.41607666016
 10
105679.76470947266
 20
113921.27172851562
 10
105679.64947509766
 20
113926.1275024414
 10
105680.42907714844
 20
113946.80029296875
 10
105681.30908203125
 20
113968.8203125
 10
105672.30932617188
 20
113972.31927490234
 10
105670.5117661124
 20
113975.78595688028
 10
105668.243462048
 20
113978.96462055783
 10
105665.54971644517
 20
113981.79178180736
 10
105662.48432866963
 20
113984.21097669186
 10
105659.10852050781
 20
113986.17388916016
 10
105662.09051513672
 20
113993.64489746094
 10
105662.19348144531
 20
113994.09411621094
 10
105663.21490478516
 20
113996.47607421875
 10
105664.0458984375
 20
113998.91772460938
 10
105683.15167236328
 20
113990.41229248047
 10
105685.121955036
 20
113989.35260773652
 10
105686.91271903814
 20
113988.01167155027
 10
105688.48413085938
 20
113986.41931152344
 10
105689.83807373047
 20
113996.57592773438
 10
105690.45226055213
 20
113996.74695756906
 10
105691.03156645499
 20
113997.01319304222
 10
105691.5613393712
 20
113997.36790040543
 10
105692.0281800437
 20
113997.80210823902
 10
105692.42028092628
 20
113998.3048343614
 10
105692.72772482547
 20
113998.8633635953
 10
105692.9427357306
 20
113999.46356936579
 10
105693.05987548828
 20
114000.0902709961
 10
105693.08824668077
 20
114000.3545839677
 10
105693.07372669633
 20
114000.62001840702
 10
105693.01669379174
 20
114000.87965954265
 10
105692.91863371806
 20
114001.12674352326
 10
105692.78210101566
 20
114001.35483362102
 10
105692.61065246648
 20
114001.55798791339
 10
105692.40875443714
 20
114001.73091407472
 10
105692.18166652667
 20
114001.86910724548
 10
105691.93530454987
 20
114001.9689673872
 10
105691.67608642578
 20
114002.0278930664
 10
105692.96447753906
 20
114011.38232421875
 10
105695.61889648438
 20
114030.65252685547
 10
105685.68908691406
 20
114032.80932617188
 10
105686.03271484375
 20
114034.41491699219
 10
105686.43048095703
 20
114036.27447509766
 10
105687.2885131836
 20
114040.25048828125
 10
105688.61987304688
 20
114046.32690429688
 10
105689.65411376953
 20
114051.22247314453
 10
105690.85089111328
 20
114050.74890136719
 10
105692.68328857422
 20
114057.18469238281
 10
105694.26147460938
 20
114062.71990966797
 10
105694.80627441406
 20
114064.96130371094
 10
105696.13067626953
 20
114070.41131591797
 10
105701.06372070312
 20
114086.2525024414
 10
105701.52307128906
 20
114087.72528076172
 10
105701.7221069336
 20
114089.02947998047
 10
105701.31170654297
 20
114090.71490478516
 10
105700.51489257812
 20
114091.89367675781
 10
105699.5394897461
 20
114092.59967041016
 10
105694.9310913086
 20
114094.61529541016
 10
105694.74768066406
 20
114094.69549560547
 10
105694.24169921875
 20
114094.79510498047
 10
105693.50689697266
 20
114094.3442993164
 10
105693.4799194336
 20
114094.2885131836
 10
105690.19567871094
 20
114095.75231933594
 10
105687.80267333984
 20
114096.81909179688
 10
105689.36828613281
 20
114100.296875
 10
105692.4375
 20
114107.31811523438
 10
105695.72552490234
 20
114105.86791992188
 10
105696.68188476562
 20
114108.03649902344
 10
105698.50891113281
 20
114107.28149414062
 10
105699.9375
 20
114107.04870605469
 10
105701.44012451172
 20
114107.19030761719
 10
105703.01611328125
 20
114107.73907470703
 10
105704.35412597656
 20
114108.68768310547
 10
105705.1552734375
 20
114109.59069824219
 10
105705.62908935547
 20
114110.41149902344
 10
105707.37072753906
 20
114114.79052734375
 10
105708.42767333984
 20
114117.48352050781
 10
105709.59967041016
 20
114120.47790527344
 10
105710.18530273438
 20
114121.97369384766
 10
105712.4652709961
 20
114127.69232177734
 10
105713.47772216797
 20
114130.20831298828
 10
105713.69848632812
 20
114130.57489013672
 10
105714.49310302734
 20
114130.21087646484
 10
105717.18048095703
 20
114134.61712646484
 10
105719.7119140625
 20
114138.64831542969
 10
105724.18072509766
 20
114145.31231689453
 10
105725.5712890625
 20
114147.08569335938
 10
105728.18090820312
 20
114150.74188232422
 10
105730.86828613281
 20
114154.14807128906
 10
105734.87811279297
 20
114160.02667236328
 10
105741.86853027344
 20
114170.10107421875
 10
105747.33728027344
 20
114178.11669921875
 10
105747.6810913086
 20
114178.63232421875
 10
105755.24353027344
 20
114191.13232421875
 10
105757.02410888672
 20
114193.88671875
 10
105758.41687011719
 20
114196.10168457031
 10
105763.41552734375
 20
114203.60369873047
 10
105767.4896850586
 20
114209.55291748047
 10
105767.3125
 20
114209.6478881836
 10
105768.68872070312
 20
114211.65747070312
 10
105768.7719116211
 20
114211.61291503906
 10
105768.84869384766
 20
114211.59051513672
 10
105769.09930419922
 20
114211.9974975586
 10
105768.98547363281
 20
114212.0601196289
 10
105770.79467773438
 20
114214.75207519531
 10
105770.92010498047
 20
114214.69049072266
 10
105772.66888427734
 20
114217.43328857422
 10
105775.99890136719
 20
114222.58270263672
 10
105780.21228027344
 20
114229.10089111328
 10
105786.74487304688
 20
114238.31909179688
 10
105789.36932373047
 20
114242.2197265625
 10
105791.86791992188
 20
114246.00872802734
 10
105794.30352783203
 20
114249.68829345703
 10
105796.75207519531
 20
114253.38507080078
 10
105799.18231201172
 20
114257.07647705078
 10
105801.57849121094
 20
114260.73828125
 10
105803.94647216797
 20
114264.44372558594
 10
105805.99829101562
 20
114267.79248046875
 10
105807.21752929688
 20
114269.9028930664
 10
105808.2192993164
 20
114271.67950439453
 10
105810.63549804688
 20
114276.26593017578
 10
105811.03747558594
 20
114277.10070800781
 10
105812.67572021484
 20
114280.5034790039
 10
105814.54968261719
 20
114284.82550048828
 10
105814.90393066406
 20
114285.64227294922
 10
105814.72149658203
 20
114285.72570800781
 10
105816.0015258789
 20
114289.10632324219
 10
105816.42810058594
 20
114290.23309326172
 10
105816.61108398438
 20
114290.15167236328
 10
105816.9462890625
 20
114290.97607421875
 10
105817.64611816406
 20
114292.6976928711
 10
105819.05847167969
 20
114297.24627685547
 10
105819.9398803711
 20
114299.99108886719
 10
105820.07928466797
 20
114300.42529296875
 10
105821.17669677734
 20
114304.26531982422
 10
105822.35510253906
 20
114309.4619140625
 10
105822.95727539062
 20
114312.11712646484
 10
105823.31170654297
 20
114313.70391845703
 10
105823.7705078125
 20
114315.75750732422
 10
105824.04229736328
 20
114317.34509277344
 10
105824.46209716797
 20
114319.79870605469
 10
105825.01947021484
 20
114323.78509521484
 10
105825.15087890625
 20
114325.19909667969
 10
105825.39227294922
 20
114327.79791259766
 10
105825.74169921875
 20
114332.98211669922
 10
105825.92712402344
 20
114335.73248291016
 10
105826.36749267578
 20
114339.32373046875
 10
105826.94592285156
 20
114347.1875
 10
105827.26629638672
 20
114363.1049194336
 10
105826.74011230469
 20
114363.3364868164
 10
105826.85052490234
 20
114363.55407714844
 10
105827.12268066406
 20
114370.57110595703
 10
105827.08569335938
 20
114371.68127441406
 10
105827.06567382812
 20
114372.28112792969
 10
105827.04870605469
 20
114372.79168701172
 10
105827.21649169922
 20
114376.11511230469
 10
105827.25048828125
 20
114379.67767333984
 10
105827.30889892578
 20
114380.19409179688
 10
105827.4194946289
 20
114382.81427001953
 10
105827.89727783203
 20
114391.70428466797
 10
105827.97009277344
 20
114393.05651855469
 10
105826.99627685547
 20
114393.49487304688
 10
105828.02368164062
 20
114395.77868652344
 10
105828.01892089844
 20
114395.99969482422
 10
105828.23028564453
 20
114397.87548828125
 10
105827.4849243164
 20
114398.23571777344
 10
105828.07568359375
 20
114399.4849243164
 10
105828.39428710938
 20
114399.3295288086
 10
105828.48791503906
 20
114400.16088867188
 10
105829.35150146484
 20
114407.82373046875
 10
105829.41729736328
 20
114408.40649414062
 10
105830.1976928711
 20
114415.33129882812
 10
105814.07708740234
 20
114423.09387207031
 10
105808.34252929688
 20
114425.7944946289
 10
105809.55908203125
 20
114428.3558959961
 10
105812.84588623047
 20
114435.31927490234
 10
105814.06872558594
 20
114437.85168457031
 10
105819.47869873047
 20
114435.28210449219
 10
105822.71948242188
 20
114433.71667480469
 10
105823.25970458984
 20
114433.45568847656
 10
105824.54809570312
 20
114432.9052734375
 10
105826.4887084961
 20
114432.07611083984
 10
105828.70727539062
 20
114431.99951171875
 10
105830.42291259766
 20
114432.76788330078
 10
105831.62530517578
 20
114433.49908447266
 10
105832.4946899414
 20
114434.41290283203
 10
105833.25830078125
 20
114435.5869140625
 10
105833.56567382812
 20
114436.10369873047
 10
105831.18090820312
 20
114437.18170166016
 10
105833.77752685547
 20
114442.77331542969
 10
105833.23510742188
 20
114443.02227783203
 10
105834.8383178711
 20
114446.34869384766
 10
105835.30187988281
 20
114446.13592529297
 10
105835.34790039062
 20
114446.41131591797
 10
105836.22912597656
 20
114451.68768310547
 10
105836.34448242188
 20
114451.7349243164
 10
105836.69689941406
 20
114453.79907226562
 10
105837.50469970703
 20
114458.53149414062
 10
105837.95208740234
 20
114461.15270996094
 10
105838.78228759766
 20
114466.01611328125
 10
105840.38409423828
 20
114473.39331054688
 10
105841.8189086914
 20
114480.00231933594
 10
105843.5112915039
 20
114486.85607910156
 10
105845.25012207031
 20
114493.89770507812
 10
105846.51190185547
 20
114500.32611083984
 10
105847.04650878906
 20
114503.2885131836
 10
105847.24768066406
 20
114505.22491455078
 10
105847.29510498047
 20
114507.48370361328
 10
105847.12591552734
 20
114508.4448852539
 10
105846.4232788086
 20
114512.4365234375
 10
105846.19708251953
 20
114512.83447265625
 10
105845.01251220703
 20
114514.91967773438
 10
105843.24609375
 20
114516.97412109375
 10
105841.1875
 20
114518.77471923828
 10
105839.31872558594
 20
114519.7446899414
 10
105835.73010253906
 20
114521.21710205078
 10
105837.69647216797
 20
114525.56750488281
 10
105840.7036743164
 20
114532.22052001953
 10
105844.970703125
 20
114530.20190429688
 10
105845.28247070312
 20
114531.81872558594
 10
105849.83770751953
 20
114555.4379272461
 10
105852.94512939453
 20
114562.05932617188
 10
105852.05407714844
 20
114562.40649414062
 10
105844.19689941406
 20
114566.12908935547
 10
105846.96868896484
 20
114573.4066772461
 10
105849.55267333984
 20
114580.24932861328
 10
105854.7769165039
 20
114594.02911376953
 10
105865.60931396484
 20
114589.95227050781
 10
105865.92407226562
 20
114590.7857055664
 10
105867.63452148438
 20
114595.37329101562
 10
105867.86151123047
 20
114595.9716796875
 10
105868.76391601562
 20
114598.35247802734
 10
105870.35552978516
 20
114602.67547607422
 10
105871.71392822266
 20
114606.25408935547
 10
105873.32208251953
 20
114610.48150634766
 10
105876.17608642578
 20
114618.04711914062
 10
105877.75708007812
 20
114622.25231933594
 10
105880.28350830078
 20
114629.23272705078
 10
105882.09411621094
 20
114634.05950927734
 10
105884.38409423828
 20
114639.95947265625
 10
105885.953125
 20
114644.1201171875
 10
105879.79571533203
 20
114646.4263305664
 10
105875.44189453125
 20
114648.00927734375
 10
105876.08990478516
 20
114649.87591552734
 10
105877.3715209961
 20
114653.56610107422
 10
105879.96551513672
 20
114661.03607177734
 10
105881.42028808594
 20
114660.53088378906
 10
105889.25311279297
 20
114657.72552490234
 10
105894.43048095703
 20
114672.1782836914
 10
105898.21130371094
 20
114682.49768066406
 10
105893.5140991211
 20
114684.21868896484
 10
105893.20530444379
 20
114684.36272265617
 10
105892.92544248042
 20
114684.5570860746
 10
105892.68263715255
 20
114684.79613717736
 10
105892.48393669006
 20
114685.07293671342
 10
105892.33510903278
 20
114685.37944965833
 10
105892.24047439703
 20
114685.70677845737
 10
105892.20277986694
 20
114686.04542130666
 10
105892.22311965127
 20
114686.38554797444
 10
105892.30090332031
 20
114686.71728515625
 10
105892.92108154297
 20
114688.61730957031
 10
105900.21807861328
 20
114713.83569335938
 10
105900.45977089801
 20
114714.46602824262
 10
105900.80402407555
 20
114715.04674071475
 10
105901.24103251295
 20
114715.5612898875
 10
105901.75834855654
 20
114715.99501945368
 10
105902.34123708819
 20
114716.33557515427
 10
105902.97309523722
 20
114716.57325667446
 10
105903.63592529297
 20
114716.70129394531
 10
105907.7192993164
 20
114717.13708496094
 10
105908.15256142827
 20
114717.38581554873
 10
105908.54499895866
 20
114717.694968824
 10
105908.8882507389
 20
114718.05795805008
 10
105909.17500353868
 20
114718.46704947592
 10
105909.39914787981
 20
114718.91352710943
 10
105909.55590820312
 20
114719.38787841797
 10
105910.11651611328
 20
114722.6898803711
 10
105910.56408691406
 20
114725.7534790039
 10
105910.99450683594
 20
114729.17749023438
 10
105911.32727050781
 20
114732.25372314453
 10
105911.66131591797
 20
114735.82049560547
 10
105911.86547851562
 20
114738.2816772461
 10
105912.14471435547
 20
114742.52227783203
 10
105907.8037109375
 20
114744.24029541016
 10
105907.81311035156
 20
114744.38287353516
 10
105897.62371826172
 20
114748.712890625
 10
105902.70532226562
 20
114760.67071533203
 10
105912.8881225586
 20
114756.3392944336
 10
105913.15447998047
 20
114756.95471191406
 10
105913.39471435547
 20
114761.56909179688
 10
105913.4526977539
 20
114762.68292236328
 10
105913.54852294922
 20
114764.52368164062
 10
105913.55749511719
 20
114764.69549560547
 10
105913.55767822266
 20
114764.69989013672
 10
105913.56170654297
 20
114764.77770996094
 10
105913.75170898438
 20
114768.94909667969
 10
105913.76330566406
 20
114769.205078125
 10
105913.763671875
 20
114769.21307373047
 10
105913.89752197266
 20
114772.1557006836
 10
105913.89770507812
 20
114772.15930175781
 10
105913.9692993164
 20
114773.73132324219
 10
105913.99047851562
 20
114774.19647216797
 10
105913.89611816406
 20
114774.71209716797
 10
105914.1312866211
 20
114778.28631591797
 10
105914.59747314453
 20
114784.74908447266
 10
105915.4633178711
 20
114794.05047607422
 10
105915.50189208984
 20
114794.71728515625
 10
105915.53369140625
 20
114795.26568603516
 10
105915.53991699219
 20
114795.37231445312
 10
105915.5454711914
 20
114795.46911621094
 10
105915.71911621094
 20
114798.45928955078
 10
105915.73767089844
 20
114798.7816772461
 10
105915.78247070312
 20
114799.55407714844
 10
105915.8115234375
 20
114800.05267333984
 10
105915.9984741211
 20
114803.27850341797
 10
105916.00848388672
 20
114803.45092773438
 10
105916.0228881836
 20
114803.69891357422
 10
105916.037109375
 20
114803.94268798828
 10
105916.75329589844
 20
114813.70672607422
 10
105917.05889892578
 20
114819.92950439453
 10
105917.4564819336
 20
114825.97247314453
 10
105917.52728271484
 20
114826.40447998047
 10
105914.11071777344
 20
114827.17950439453
 10
105912.2114868164
 20
114827.61029052734
 10
105913.08807373047
 20
114831.64068603516
 10
105915.05889892578
 20
114831.22332763672
 10
105915.1713256836
 20
114831.67767333984
 10
105915.39288330078
 20
114832.5726928711
 10
105916.37091064453
 20
114836.52569580078
 10
105917.48571777344
 20
114841.0307006836
 10
105917.48931884766
 20
114841.04528808594
 10
105917.49188232422
 20
114841.05572509766
 10
105917.49450683594
 20
114841.06628417969
 10
105917.71490478516
 20
114841.95672607422
 10
105917.84051513672
 20
114842.4642944336
 10
105917.93127441406
 20
114842.84747314453
 10
105918.49627685547
 20
114845.22668457031
 10
105918.5112915039
 20
114845.29028320312
 10
105918.64611816406
 20
114845.85772705078
 10
105919.06750488281
 20
114847.63269042969
 10
105919.21887207031
 20
114848.27087402344
 10
105919.2562866211
 20
114848.42791748047
 10
105919.35607910156
 20
114848.8480834961
 10
105919.35729980469
 20
114848.85388183594
 10
105919.83947753906
 20
114850.88507080078
 10
105919.8466796875
 20
114850.91552734375
 10
105919.86608886719
 20
114850.9965209961
 10
105919.88269042969
 20
114851.06652832031
 10
105919.77648925781
 20
114851.3471069336
 10
105919.50830078125
 20
114851.4370727539
 10
105919.24249267578
 20
114851.52587890625
 10
105919.36828613281
 20
114853.62292480469
 10
105919.3701171875
 20
114853.65051269531
 10
105919.48547363281
 20
114855.57287597656
 10
105919.5513305664
 20
114856.67248535156
 10
105919.55212402344
 20
114856.68371582031
 10
105919.78991699219
 20
114860.64709472656
 10
105919.80529785156
 20
114860.9033203125
 10
105919.80627441406
 20
114860.91809082031
 10
105919.84692382812
 20
114861.59649658203
 10
105920.08508300781
 20
114865.56652832031
 10
105920.0883178711
 20
114865.61712646484
 10
105920.19952392578
 20
114867.47149658203
 10
105920.20007324219
 20
114867.48107910156
 10
105920.30670166016
 20
114869.2548828125
 10
105920.38848876953
 20
114870.62048339844
 10
105920.46112060547
 20
114871.82788085938
 10
105920.46630859375
 20
114871.91589355469
 10
105920.5283203125
 20
114872.94750976562
 10
105920.54211425781
 20
114873.21868896484
 10
105920.61987304688
 20
114874.73529052734
 10
105920.71350097656
 20
114876.5634765625
 10
105920.73352050781
 20
114876.95190429688
 10
105920.82690429688
 20
114878.77569580078
 10
105920.85089111328
 20
114879.24450683594
 10
105920.88452148438
 20
114879.90069580078
 10
105920.88470458984
 20
114879.90368652344
 10
105920.91009521484
 20
114880.40032958984
 10
105921.00567626953
 20
114881.4697265625
 10
105920.99768066406
 20
114881.62609863281
 10
105921.67529296875
 20
114887.58087158203
 10
105922.00091552734
 20
114888.59631347656
 10
105921.79168701172
 20
114888.64367675781
 10
105921.93310546875
 20
114889.93487548828
 10
105922.15069580078
 20
114894.20349121094
 10
105922.1967163086
 20
114894.34509277344
 10
105922.31750488281
 20
114897.74609375
 10
105922.41192626953
 20
114898.6049194336
 10
105922.703125
 20
114900.61669921875
 10
105923.94409179688
 20
114913.7691040039
 10
105924.45147705078
 20
114918.03729248047
 10
105924.9536743164
 20
114922.28552246094
 10
105927.01568603516
 20
114936.763671875
 10
105924.17352294922
 20
114937.91467285156
 10
105924.4818725586
 20
114939.10510253906
 10
105924.48370361328
 20
114939.11267089844
 10
105925.12390136719
 20
114942.07427978516
 10
105925.20068359375
 20
114942.4296875
 10
105925.28607177734
 20
114942.82452392578
 10
105925.29388427734
 20
114942.86047363281
 10
105925.30072021484
 20
114942.89208984375
 10
105925.80950927734
 20
114945.24591064453
 10
105925.87670898438
 20
114945.5560913086
 10
105926.05249023438
 20
114946.36932373047
 10
105926.0961303711
 20
114946.57147216797
 10
105926.60772705078
 20
114948.3798828125
 10
105926.61950683594
 20
114948.421875
 10
105926.63409423828
 20
114948.47332763672
 10
105927.02868652344
 20
114949.86828613281
 10
105927.11889648438
 20
114950.18670654297
 10
105927.95489501953
 20
114953.14208984375
 10
105927.95727539062
 20
114953.15069580078
 10
105928.10089111328
 20
114953.65869140625
 10
105928.14532470703
 20
114953.87872314453
 10
105928.75567626953
 20
114956.90490722656
 10
105928.8032836914
 20
114957.14093017578
 10
105928.88549804688
 20
114957.5482788086
 10
105929.31768798828
 20
114959.69152832031
 10
105929.32189941406
 20
114959.7119140625
 10
105929.32287597656
 20
114959.71710205078
 10
105929.47607421875
 20
114960.47607421875
 10
105929.6713256836
 20
114961.4439086914
 10
105930.14172363281
 20
114963.77612304688
 10
105930.15869140625
 20
114963.8599243164
 10
105930.15948486328
 20
114963.86389160156
 10
105930.37530517578
 20
114964.93371582031
 10
105930.43469238281
 20
114965.22869873047
 10
105932.99230957031
 20
114964.66687011719
  0
TEXT
  5
AC
330
17
100
AcDbEntity
  8
40-ROT-UE
100
AcDbText
 10
105829.59916974517
 20
114387.90117607868
 30
0.0
 40
18.0
  1
UE-03  (14090.0)
 72
1
 11
105829.59916974517
 21
114387.90117607868
 31
0.0
100
AcDbText
 73
2
  0
LWPOLYLINE
  5
AD
330
17
100
AcDbEntity
  8
00-BASE-UE
100
AcDbPolyline
 90
951
 70
1
 10
106110.79650820312
 20
116056.62345827174
 10
106116.74090568734
 20
116056.40368451152
 10
106122.9880065918
 20
116056.17272949219
 10
106122.94655275941
 20
116055.4863380633
 10
106122.92141723633
 20
116055.07690429688
 10
106130.3305053711
 20
116054.65167236328
 10
106130.337890625
 20
116054.77172851562
 10
106130.39068603516
 20
116055.6450805664
 10
106130.4384765625
 20
116056.49810791016
 10
106140.63044798066
 20
116054.90419111161
 10
106142.28018188477
 20
116054.64587402344
 10
106142.1692199707
 20
116053.54327392578
 10
106142.1058959961
 20
116052.95349121094
 10
106157.04907226562
 20
116051.3369140625
 10
106157.00970458984
 20
116048.31652832031
 10
106155.28491210938
 20
116031.40887451172
 10
106154.91430664062
 20
116027.65112304688
 10
106155.03771972656
 20
116026.02307128906
 10
106144.84088134766
 20
116017.19512939453
 10
106143.15087890625
 20
116012.06628417969
 10
106141.40850830078
 20
116007.16491699219
 10
106141.37322745961
 20
116006.94350192437
 10
106141.37668280517
 20
116006.71932023333
 10
106141.4187706726
 20
116006.49909766087
 10
106141.49822837122
 20
116006.28944117005
 10
106141.61267206693
 20
116006.09664072783
 10
106141.75866830026
 20
116005.92648059777
 10
106141.93183699468
 20
116005.7840658047
 10
106142.12698286452
 20
116005.67366897731
 10
106142.33825128031
 20
116005.59860216377
 10
106142.5593039153
 20
116005.56111746591
 10
106142.78350890345
 20
116005.56233947336
 10
106143.004139804
 20
116005.6022315243
 10
106143.21457740352
 20
116005.6795968054
 10
106143.40850830078
 20
116005.79211425781
 10
106144.44592285156
 20
116006.5791015625
 10
106145.29272460938
 20
116005.4642944336
 10
106149.60809326172
 20
116002.60290527344
 10
106138.14630126953
 20
115993.896484375
 10
106140.01550292969
 20
115991.43572998047
 10
106138.90991210938
 20
115990.02111816406
 10
106134.99090576172
 20
115984.90368652344
 10
106132.28430175781
 20
115981.14849853516
 10
106132.16607666016
 20
115980.70690917969
 10
106109.794921875
 20
115929.71649169922
 10
106109.06970214844
 20
115924.986328125
 10
106107.16790771484
 20
115912.05310058594
 10
106105.64569091797
 20
115901.63287353516
 10
106104.53509521484
 20
115893.96508789062
 10
106103.42388916016
 20
115886.1875
 10
106103.09631347656
 20
115876.04528808594
 10
106103.07629394531
 20
115875.5620727539
 10
106103.03009033203
 20
115874.36810302734
 10
106102.9868774414
 20
115873.1713256836
 10
106102.94592285156
 20
115871.9716796875
 10
106102.90728759766
 20
115870.76928710938
 10
106102.87091064453
 20
115869.56427001953
 10
106102.83612060547
 20
115868.35650634766
 10
106102.80291748047
 20
115867.14587402344
 10
106102.77111816406
 20
115865.93811035156
 10
106102.74011230469
 20
115864.720703125
 10
106102.70989990234
 20
115863.50067138672
 10
106102.6801147461
 20
115862.2778930664
 10
106102.65051269531
 20
115861.05291748047
 10
106101.4296875
 20
115810.41467285156
 10
106101.47403384125
 20
115810.02549227762
 10
106101.58150922337
 20
115809.64882643188
 10
106101.7492122768
 20
115809.29484365974
 10
106101.97261574594
 20
115808.9730999619
 10
106102.2456887053
 20
115808.69228102385
 10
106102.56105936845
 20
115808.45996773984
 10
106102.91021409429
 20
115808.28243156172
 10
106103.2837272184
 20
115808.16446519688
 10
106103.6715155052
 20
115808.10925322595
 10
106104.06311035156
 20
115808.11828613281
 10
106107.0302734375
 20
115809.08892822266
 10
106107.57568359375
 20
115810.26647949219
 10
106108.45629882812
 20
115808.10913085938
 10
106111.86169433594
 20
115809.52648925781
 10
106114.12689208984
 20
115804.08868408203
 10
106115.54669189453
 20
115804.6889038086
 10
106116.24688720703
 20
115803.03228759766
 10
106114.81469726562
 20
115802.43768310547
 10
106107.27807617188
 20
115799.30969238281
 10
106111.5062866211
 20
115789.44732666016
 10
106113.146484375
 20
115785.41748046875
 10
106110.04107666016
 20
115784.15350341797
 10
106108.48449707031
 20
115787.16088867188
 10
106103.42211914062
 20
115784.52349853516
 10
106103.0394897461
 20
115772.08032226562
 10
106102.67791748047
 20
115760.13409423828
 10
106102.37530517578
 20
115750.12927246094
 10
106102.01788330078
 20
115738.3226928711
 10
106101.9389038086
 20
115733.56689453125
 10
106105.07391357422
 20
115733.38507080078
 10
106106.34252929688
 20
115732.83087158203
 10
106104.79510498047
 20
115729.29010009766
 10
106102.35931396484
 20
115723.75927734375
 10
106108.49328613281
 20
115721.05767822266
 10
106108.49987792969
 20
115721.05529785156
 10
106108.103515625
 20
115719.9453125
 10
106107.33489990234
 20
115719.64270019531
 10
106105.37408447266
 20
115715.3217163086
 10
106105.14971923828
 20
115714.82690429688
 10
106104.19750976562
 20
115712.728515625
 10
106104.11029052734
 20
115712.53747558594
 10
106104.08447265625
 20
115712.48132324219
 10
106104.04168701172
 20
115712.38732910156
 10
106099.8305053711
 20
115703.16412353516
 10
106099.72869873047
 20
115702.93450927734
 10
106099.51568603516
 20
115702.45330810547
 10
106096.70068359375
 20
115696.09411621094
 10
106097.47729492188
 20
115690.1884765625
 10
106097.47888183594
 20
115690.17529296875
 10
106097.5537109375
 20
115689.6068725586
 10
106097.71228027344
 20
115688.40008544922
 10
106105.29608154297
 20
115683.82690429688
 10
106103.02667236328
 20
115680.72528076172
 10
106104.09112548828
 20
115679.91412353516
 10
106111.95709228516
 20
115673.97607421875
 10
106117.9351196289
 20
115669.662109375
 10
106121.36932373047
 20
115667.26611328125
 10
106124.63269042969
 20
115664.98907470703
 10
106119.07849121094
 20
115657.0283203125
 10
106115.82550048828
 20
115652.04028320312
 10
106113.24127197266
 20
115647.88049316406
 10
106110.5482788086
 20
115643.64849853516
 10
106107.8637084961
 20
115639.40771484375
 10
106107.48370361328
 20
115638.78588867188
 10
106106.70208740234
 20
115639.26348876953
 10
106104.67388916016
 20
115636.2778930664
 10
106100.91607666016
 20
115625.72589111328
 10
106098.24871826172
 20
115618.16650390625
 10
106095.32427978516
 20
115610.8549194336
 10
106093.4633178711
 20
115606.78833007812
 10
106091.9702758789
 20
115603.52612304688
 10
106088.54028320312
 20
115596.24969482422
 10
106084.77709960938
 20
115589.13067626953
 10
106082.91571044922
 20
115585.56567382812
 10
106082.8355102539
 20
115583.44049072266
 10
106083.76867675781
 20
115580.6431274414
 10
106083.9702758789
 20
115580.40747070312
 10
106086.77667236328
 20
115579.345703125
 10
106083.63287353516
 20
115570.52569580078
 10
106076.48669433594
 20
115573.07287597656
 10
106073.88671875
 20
115574.02471923828
 10
106066.73052978516
 20
115576.55072021484
 10
106062.41247558594
 20
115578.30169677734
 10
106061.72888183594
 20
115576.46728515625
 10
106054.41052246094
 20
115579.15588378906
 10
106054.34130859375
 20
115579.07427978516
 10
106053.34747314453
 20
115578.80187988281
 10
106052.61590576172
 20
115577.85070800781
 10
106044.38488769531
 20
115567.15008544922
 10
106037.4605102539
 20
115558.14587402344
 10
106036.41247558594
 20
115557.96551513672
 10
106030.11248779297
 20
115556.67749023438
 10
106028.3900756836
 20
115556.14471435547
 10
106020.6137084961
 20
115548.34887695312
 10
106018.546875
 20
115546.32110595703
 10
106012.57348632812
 20
115540.43048095703
 10
106007.85247802734
 20
115535.77667236328
 10
106002.66772460938
 20
115530.6898803711
 10
105998.6215209961
 20
115526.69189453125
 10
105998.4808959961
 20
115526.54852294922
 10
105997.79132080078
 20
115525.88049316406
 10
105994.5140991211
 20
115522.70611572266
 10
105987.37512207031
 20
115515.73168945312
 10
105981.86407470703
 20
115510.34167480469
 10
105976.68688964844
 20
115505.20770263672
 10
105970.63647460938
 20
115499.23791503906
 10
105966.21270751953
 20
115494.88232421875
 10
105967.6099243164
 20
115492.4194946289
 10
105962.98529052734
 20
115487.29132080078
 10
105957.2387084961
 20
115480.28607177734
 10
105954.07409667969
 20
115475.77947998047
 10
105950.80029296875
 20
115470.67749023438
 10
105948.58068847656
 20
115466.68927001953
 10
105946.2041015625
 20
115463.13427734375
 10
105944.72650146484
 20
115459.7935180664
 10
105942.59350585938
 20
115454.60791015625
 10
105941.8480834961
 20
115452.89947509766
 10
105939.57287597656
 20
115447.14849853516
 10
105937.93731689453
 20
115442.49029541016
 10
105936.8599243164
 20
115438.97692871094
 10
105935.76751708984
 20
115434.14611816406
 10
105934.4310913086
 20
115428.9052734375
 10
105933.91131591797
 20
115424.41107177734
 10
105931.98889160156
 20
115415.50848388672
 10
105931.7221069336
 20
115411.11169433594
 10
105931.87512207031
 20
115406.1362915039
 10
105931.82208251953
 20
115399.9052734375
 10
105931.904296875
 20
115396.75372314453
 10
105931.95727539062
 20
115391.88708496094
 10
105932.2114868164
 20
115384.73748779297
 10
105932.75067138672
 20
115377.06072998047
 10
105933.64190673828
 20
115372.0191040039
 10
105933.56829833984
 20
115365.9370727539
 10
105933.64630126953
 20
115361.95288085938
 10
105933.72930908203
 20
115354.70831298828
 10
105933.97247314453
 20
115348.39190673828
 10
105934.05169677734
 20
115342.19171142578
 10
105936.48211669922
 20
115337.60668945312
 10
105936.74609375
 20
115337.10870361328
 10
105936.09631347656
 20
115332.95672607422
 10
105935.15447998047
 20
115326.83447265625
 10
105934.9019165039
 20
115321.81512451172
 10
105933.96691894531
 20
115317.0048828125
 10
105933.88610839844
 20
115313.31512451172
 10
105933.85748291016
 20
115306.9310913086
 10
105933.81768798828
 20
115301.94128417969
 10
105933.89770507812
 20
115296.9360961914
 10
105933.80688476562
 20
115291.91888427734
 10
105933.6939086914
 20
115285.75988769531
 10
105933.7368774414
 20
115276.92907714844
 10
105933.52990722656
 20
115267.31408691406
 10
105938.02227783203
 20
115262.35552978516
 10
105938.49987792969
 20
115256.9439086914
 10
105938.169921875
 20
115251.91467285156
 10
105938.3148803711
 20
115246.95129394531
 10
105938.25512695312
 20
115236.73907470703
 10
105933.16967773438
 20
115231.84967041016
 10
105932.91809082031
 20
115222.76928710938
 10
105932.89270019531
 20
115218.13067626953
 10
105933.13012695312
 20
115213.5648803711
 10
105933.73028564453
 20
115207.0537109375
 10
105934.51007080078
 20
115199.98468017578
 10
105935.4301147461
 20
115195.10107421875
 10
105936.1030883789
 20
115190.4642944336
 10
105936.16467285156
 20
115190.22692871094
 10
105938.16632080078
 20
115181.71551513672
 10
105941.4526977539
 20
115165.43371582031
 10
105941.63330078125
 20
115164.5892944336
 10
105942.35028076172
 20
115161.2359008789
 10
105943.46990966797
 20
115155.3812866211
 10
105945.11712646484
 20
115147.4066772461
 10
105946.00769042969
 20
115144.10607910156
 10
105945.88952636719
 20
115144.0385131836
 10
105946.3305053711
 20
115142.1275024414
 10
105948.70251464844
 20
115133.04168701172
 10
105949.2017211914
 20
115133.16467285156
 10
105953.45587158203
 20
115117.21350097656
 10
105952.9517211914
 20
115117.05908203125
 10
105957.2294921875
 20
115100.77447509766
 10
105958.6279296875
 20
115095.35528564453
 10
105960.96948242188
 20
115087.15490722656
 10
105963.50067138672
 20
115078.24688720703
 10
105963.59662693647
 20
115077.9998168721
 10
105963.73164664127
 20
115077.77173597146
 10
105963.902104527
 20
115077.56876965129
 10
105964.10342292202
 20
115077.39636860212
 10
105964.3301953911
 20
115077.25916267952
 10
105964.57633192613
 20
115077.16083656882
 10
105964.83522249416
 20
115077.10403083218
 10
105965.09991455078
 20
115077.0902709961
 10
105967.0228881836
 20
115069.8471069336
 10
105969.25512695312
 20
115061.51007080078
 10
105969.0526166237
 20
115061.3950335672
 10
105968.8707020591
 20
115061.24959942463
 10
105968.71390448767
 20
115061.0773829323
 10
105968.58612089053
 20
115060.8826642867
 10
105968.49052714763
 20
115060.67028294347
 10
105968.4294991058
 20
115060.44551733945
 10
105968.40455353042
 20
115060.21395370476
 10
105968.41631040834
 20
115059.98134722494
 10
105968.46447753906
 20
115059.7534790039
 10
105970.669921875
 20
115051.4028930664
 10
105971.54107666016
 20
115044.587890625
 10
105972.25189208984
 20
115039.39770507812
 10
105973.6220703125
 20
115039.86212158203
 10
105973.79711914062
 20
115039.36810302734
 10
105974.5181274414
 20
115034.95007324219
 10
105974.9633178711
 20
115033.27471923828
 10
105975.32330322266
 20
115033.36987304688
 10
105976.48309326172
 20
115028.99011230469
 10
105978.162109375
 20
115022.19409179688
 10
105978.71411132812
 20
115020.16412353516
 10
105979.82830810547
 20
115015.66149902344
 10
105980.271484375
 20
115015.77667236328
 10
105980.30090332031
 20
115014.57568359375
 10
105980.4066772461
 20
115010.23651123047
 10
105980.48791503906
 20
115007.92431640625
 10
105980.61828613281
 20
115004.2041015625
 10
105980.60827636719
 20
115003.67712402344
 10
105976.24108886719
 20
115002.80108642578
 10
105977.53308105469
 20
114997.75109863281
 10
105980.5062866211
 20
114998.30731201172
 10
105980.40789794922
 20
114993.11547851562
 10
105979.83111572266
 20
114992.95812988281
 10
105980.30249023438
 20
114987.5625
 10
105980.27111816406
 20
114985.90771484375
 10
105979.66571044922
 20
114982.3544921875
 10
105979.17296954159
 20
114982.03401261583
 10
105978.73921298468
 20
114981.63733137444
 10
105978.37609863281
 20
114981.17510986328
 10
105978.187736148
 20
114980.77468351918
 10
105978.06256245427
 20
114980.35023890661
 10
105978.00349860862
 20
114979.91168087753
 10
105978.0119229267
 20
114979.46924363496
 10
105978.08763881834
 20
114979.03325190741
 10
105978.22887937528
 20
114978.61388001063
 10
105978.43234860375
 20
114978.22091441951
 10
105978.69329833984
 20
114977.86352539062
 10
105978.87109375
 20
114977.69030761719
 10
105975.58392333984
 20
114958.39569091797
 10
105965.73272705078
 20
114959.46990966797
 10
105956.02270507812
 20
114960.52868652344
 10
105952.2963256836
 20
114960.9351196289
 10
105952.40579223633
 20
114961.9204711914
 10
105952.52728271484
 20
114963.01489257812
 10
105945.32971191406
 20
114963.74871826172
 10
105945.1552734375
 20
114962.03833007812
 10
105941.6732788086
 20
114962.39331054688
 10
105941.8116568153
 20
114963.7503102457
 10
105942.69891357422
 20
114972.453125
 10
105942.69905854776
 20
114972.47498986962
 10
105942.69542194672
 20
114972.496550683
 10
105942.68811324904
 20
114972.51715836312
 10
105942.67735247927
 20
114972.53619252647
 10
105942.66346358477
 20
114972.55308015955
 10
105942.64686468348
 20
114972.56731286894
 10
105942.62805547664
 20
114972.57846218637
 10
105942.60760220562
 20
114972.58619246744
 10
105942.58612060547
 20
114972.5902709961
 10
105942.56606380323
 20
114972.59081237922
 10
105942.54618786737
 20
114972.58807092244
 10
105942.52702650569
 20
114972.58212023927
 10
105942.50909423828
 20
114972.57312011719
 10
105942.49323093197
 20
114972.56193726767
 10
105942.4792740311
 20
114972.54845003193
 10
105942.46755493566
 20
114972.53297865795
 10
105942.45835191004
 20
114972.51589050621
 10
105942.45188347575
 20
114972.49759132677
 10
105942.44830322266
 20
114972.478515625
 10
105941.986328125
 20
114967.9287109375
 10
105941.56469726562
 20
114963.79272460938
 10
105941.19621495341
 20
114963.83029553934
 10
105930.43469238281
 20
114965.22869873047
 10
105931.74407958984
 20
114971.72052001953
 10
105920.1137084961
 20
114974.36511230469
 10
105921.2719116211
 20
114979.55169677734
 10
105922.47692871094
 20
114984.94830322266
 10
105931.69128417969
 20
114981.9555053711
 10
105932.44927978516
 20
114993.03247070312
 10
105932.46307373047
 20
114993.27612304688
 10
105932.52551269531
 20
114994.38568115234
 10
105932.52850341797
 20
114994.44110107422
 10
105932.53607177734
 20
114994.57788085938
 10
105932.53692626953
 20
114994.58990478516
 10
105932.71447753906
 20
114997.63470458984
 10
105932.71588134766
 20
114997.65411376953
 10
105932.76049804688
 20
114998.57189941406
 10
105932.80627441406
 20
114999.37188720703
 10
105933.04528808594
 20
115003.61651611328
 10
105932.10852050781
 20
115003.86529541016
 10
105932.41107177734
 20
115008.41333007812
 10
105932.41229248047
 20
115008.43072509766
 10
105932.41247558594
 20
115008.43389892578
 10
105932.43090820312
 20
115008.73291015625
 10
105932.43188476562
 20
115008.74969482422
 10
105932.45831298828
 20
115009.17889404297
 10
105932.4605102539
 20
115009.39031982422
 10
105932.50390625
 20
115013.58209228516
 10
105932.50408935547
 20
115013.5892944336
 10
105932.50408935547
 20
115013.60870361328
 10
105932.53131103516
 20
115016.22491455078
 10
105932.53491210938
 20
115016.56829833984
 10
105932.5181274414
 20
115016.89111328125
 10
105932.39050292969
 20
115019.3549194336
 10
105932.39031982422
 20
115019.35968017578
 10
105932.2866821289
 20
115021.35772705078
 10
105932.28607177734
 20
115021.36627197266
 10
105932.1431274414
 20
115024.12127685547
 10
105932.14288330078
 20
115024.12567138672
 10
105932.04052734375
 20
115026.10009765625
 10
105931.82751464844
 20
115027.77990722656
 10
105931.58068847656
 20
115029.72430419922
 10
105931.51867675781
 20
115030.21307373047
 10
105931.28271484375
 20
115032.07189941406
 10
105931.1644897461
 20
115033.00451660156
 10
105930.89208984375
 20
115035.15032958984
 10
105930.79852294922
 20
115035.91748046875
 10
105930.42907714844
 20
115038.94647216797
 10
105930.39471435547
 20
115039.22869873047
 10
105930.05987548828
 20
115041.97290039062
 10
105929.95190429688
 20
115042.85827636719
 10
105929.84411621094
 20
115043.74188232422
 10
105929.8442993164
 20
115043.83471679688
 10
105930.17987060547
 20
115045.34411621094
 10
105928.56372070312
 20
115045.47790527344
 10
105928.23352050781
 20
115047.15948486328
 10
105927.12829589844
 20
115046.97412109375
 10
105926.64428710938
 20
115049.529296875
 10
105924.24432373047
 20
115062.20050048828
 10
105924.08972167969
 20
115063.01690673828
 10
105924.04571533203
 20
115063.22930908203
 10
105923.75848388672
 20
115064.61987304688
 10
105923.48510742188
 20
115065.94207763672
 10
105922.69970703125
 20
115069.74328613281
 10
105922.44451904297
 20
115070.97772216797
 10
105922.31512451172
 20
115071.60430908203
 10
105921.64331054688
 20
115074.85510253906
 10
105921.5814819336
 20
115075.07409667969
 10
105921.32647705078
 20
115075.97607421875
 10
105920.48107910156
 20
115078.96710205078
 10
105920.47772216797
 20
115078.97869873047
 10
105919.78387451172
 20
115081.43371582031
 10
105919.54290771484
 20
115082.28588867188
 10
105919.47351074219
 20
115082.53131103516
 10
105916.2681274414
 20
115094.15069580078
 10
105913.4937133789
 20
115103.5537109375
 10
105913.20428466797
 20
115104.27172851562
 10
105910.84851074219
 20
115110.11767578125
 10
105910.78491210938
 20
115110.27532958984
 10
105910.74127197266
 20
115110.38330078125
 10
105910.12451171875
 20
115111.91412353516
 10
105909.97631835938
 20
115112.2631225586
 10
105909.92407226562
 20
115112.38488769531
 10
105908.86791992188
 20
115114.8521118164
 10
105908.30889892578
 20
115116.15808105469
 10
105908.26989746094
 20
115116.24890136719
 10
105908.23510742188
 20
115116.330078125
 10
105907.87048339844
 20
115117.09307861328
 10
105905.138671875
 20
115123.4771118164
 10
105904.61730957031
 20
115123.58288574219
 10
105904.26428222656
 20
115123.65447998047
 10
105899.43048095703
 20
115124.64349365234
 10
105899.2359008789
 20
115124.69049072266
 10
105893.90850830078
 20
115125.86071777344
 10
105894.41571044922
 20
115128.43170166016
 10
105895.86151123047
 20
115135.71130371094
 10
105893.84869384766
 20
115136.15728759766
 10
105894.29327392578
 20
115138.16412353516
 10
105897.4365234375
 20
115137.56512451172
 10
105899.3110961914
 20
115137.20812988281
 10
105899.52069091797
 20
115138.91192626953
 10
105899.73468017578
 20
115140.65270996094
 10
105899.91589355469
 20
115142.04791259766
 10
105899.9619140625
 20
115142.49932861328
 10
105900.00372314453
 20
115142.83868408203
 10
105900.04388427734
 20
115143.16571044922
 10
105900.06591796875
 20
115143.34588623047
 10
105900.13012695312
 20
115143.86627197266
 10
105900.34008789062
 20
115145.57409667969
 10
105903.07287597656
 20
115145.18530273438
 10
105903.09149169922
 20
115145.81549072266
 10
105903.14068603516
 20
115147.4799194336
 10
105902.20532226562
 20
115147.76550292969
 10
105902.27471923828
 20
115148.51788330078
 10
105902.27508544922
 20
115148.52270507812
 10
105902.30792236328
 20
115148.8775024414
 10
105902.35827636719
 20
115149.42431640625
 10
105902.35852050781
 20
115149.42767333984
 10
105902.42150878906
 20
115150.11029052734
 10
105902.42248535156
 20
115150.12127685547
 10
105902.47192382812
 20
115150.6566772461
 10
105902.3798828125
 20
115152.28967285156
 10
105902.37371826172
 20
115152.39892578125
 10
105902.24969482422
 20
115152.86907958984
 10
105902.24548339844
 20
115152.8853149414
 10
105902.2437133789
 20
115152.89208984375
 10
105902.18627929688
 20
115153.11010742188
 10
105902.16149902344
 20
115153.20349121094
 10
105900.65612792969
 20
115158.60290527344
 10
105900.63610839844
 20
115158.67449951172
 10
105900.6109008789
 20
115158.76452636719
 10
105900.56652832031
 20
115158.92547607422
 10
105900.35052490234
 20
115159.74768066406
 10
105900.19091796875
 20
115160.35870361328
 10
105899.49353027344
 20
115163.0269165039
 10
105899.22747802734
 20
115164.044921875
 10
105898.99890136719
 20
115164.9194946289
 10
105898.31927490234
 20
115167.51947021484
 10
105898.00988769531
 20
115168.70330810547
 10
105897.73229980469
 20
115169.76568603516
 10
105896.32348632812
 20
115175.32727050781
 10
105896.22387695312
 20
115175.72052001953
 10
105896.15832519531
 20
115175.98052978516
 10
105896.09912109375
 20
115176.2142944336
 10
105896.02947998047
 20
115176.48992919922
 10
105895.95288085938
 20
115176.79290771484
 10
105893.89367675781
 20
115184.93530273438
 10
105893.80432128906
 20
115185.2894897461
 10
105893.7055053711
 20
115185.6801147461
 10
105893.52307128906
 20
115186.40087890625
 10
105892.78009033203
 20
115189.33911132812
 10
105891.50170898438
 20
115194.39447021484
 10
105891.44750976562
 20
115194.60888671875
 10
105889.54187011719
 20
115203.74188232422
 10
105888.57391357422
 20
115212.58410644531
 10
105888.35607910156
 20
115215.57629394531
 10
105884.1704711914
 20
115216.5864868164
 10
105884.1851196289
 20
115216.78869628906
 10
105884.91748046875
 20
115226.90887451172
 10
105885.5131225586
 20
115235.1390991211
 10
105885.09307861328
 20
115243.76049804688
 10
105884.76672363281
 20
115250.48547363281
 10
105884.75329589844
 20
115250.7603149414
 10
105884.61810302734
 20
115256.4868774414
 10
105884.61730957031
 20
115256.51593017578
 10
105884.64288330078
 20
115262.8950805664
 10
105884.6431274414
 20
115262.94329833984
 10
105884.6455078125
 20
115263.53149414062
 10
105884.63708496094
 20
115264.03747558594
 10
105884.62927246094
 20
115264.51849365234
 10
105884.55389404297
 20
115271.86047363281
 10
105884.5537109375
 20
115271.86431884766
 10
105884.54748535156
 20
115272.4702758789
 10
105884.54650878906
 20
115272.71612548828
 10
105884.5463256836
 20
115272.7474975586
 10
105884.5219116211
 20
115278.53387451172
 10
105884.5228881836
 20
115278.77471923828
 10
105884.5228881836
 20
115278.80987548828
 10
105884.57348632812
 20
115291.05889892578
 10
105884.57373046875
 20
115291.25811767578
 10
105884.57373046875
 20
115291.29772949219
 10
105884.57391357422
 20
115291.36407470703
 10
105884.58288574219
 20
115299.90869140625
 10
105884.58270263672
 20
115300.1201171875
 10
105884.58270263672
 20
115300.16467285156
 10
105884.58270263672
 20
115300.2133178711
 10
105884.57788085938
 20
115305.91430664062
 10
105884.5786743164
 20
115306.11511230469
 10
105884.5791015625
 20
115306.16632080078
 10
105884.57971191406
 20
115306.29931640625
 10
105884.62231445312
 20
115315.1801147461
 10
105884.6284790039
 20
115335.44128417969
 10
105884.58367919922
 20
115348.18292236328
 10
105884.58087158203
 20
115352.26531982422
 10
105884.70568847656
 20
115377.38153076172
 10
105874.00970458984
 20
115379.9019165039
 10
105875.29510498047
 20
115385.40612792969
 10
105880.52069091797
 20
115384.1884765625
 10
105880.64990234375
 20
115384.15832519531
 10
105884.736328125
 20
115383.46472167969
 10
105884.63409423828
 20
115388.97009277344
 10
105884.63391113281
 20
115388.97790527344
 10
105884.6312866211
 20
115389.11669921875
 10
105884.62927246094
 20
115389.220703125
 10
105884.59368896484
 20
115395.9818725586
 10
105884.59307861328
 20
115396.13067626953
 10
105884.59307861328
 20
115396.13409423828
 10
105884.59228515625
 20
115396.25207519531
 10
105884.80627441406
 20
115402.86047363281
 10
105884.80688476562
 20
115402.8775024414
 10
105884.80828857422
 20
115402.919921875
 10
105884.80889892578
 20
115402.9389038086
 10
105884.8134765625
 20
115403.0776977539
 10
105884.95709228516
 20
115407.50909423828
 10
105884.95751953125
 20
115407.52587890625
 10
105884.96032714844
 20
115407.61108398438
 10
105885.14892578125
 20
115407.80151367188
 10
105885.36907958984
 20
115411.06707763672
 10
105885.37731933594
 20
115411.18829345703
 10
105885.6303100586
 20
115414.94049072266
 10
105885.64367675781
 20
115415.14093017578
 10
105885.71649169922
 20
115415.7631225586
 10
105885.71771240234
 20
115415.7728881836
 10
105885.71868896484
 20
115415.78149414062
 10
105885.71911621094
 20
115415.7866821289
 10
105885.72351074219
 20
115415.82409667969
 10
105885.72589111328
 20
115415.8286743164
 10
105885.73272705078
 20
115415.91088867188
 10
105885.74047851562
 20
115416.00170898438
 10
105886.39331054688
 20
115423.77551269531
 10
105886.39428710938
 20
115423.7866821289
 10
105886.39471435547
 20
115423.79071044922
 10
105886.4144897461
 20
115424.0278930664
 10
105886.44152832031
 20
115424.03149414062
 10
105886.54888916016
 20
115424.84008789062
 10
105887.04412841797
 20
115428.56652832031
 10
105887.07110595703
 20
115428.7705078125
 10
105888.20288085938
 20
115436.55688476562
 10
105888.23889160156
 20
115436.80572509766
 10
105888.29669189453
 20
115437.00848388672
 10
105891.59191894531
 20
115448.59271240234
 10
105891.6362915039
 20
115448.71087646484
 10
105891.64587402344
 20
115448.736328125
 10
105891.66589355469
 20
115448.7894897461
 10
105895.85229492188
 20
115459.90588378906
 10
105895.8955078125
 20
115460.02447509766
 10
105895.90588378906
 20
115460.0532836914
 10
105897.33172607422
 20
115463.97888183594
 10
105897.3715209961
 20
115464.05749511719
 10
105897.40832519531
 20
115464.13012695312
 10
105900.89990234375
 20
115471.0112915039
 10
105900.9296875
 20
115471.0698852539
 10
105900.98150634766
 20
115471.17169189453
 10
105902.9536743164
 20
115475.04431152344
 10
105902.9702758789
 20
115475.19873046875
 10
105902.99169921875
 20
115475.39752197266
 10
105903.16412353516
 20
115476.99627685547
 10
105902.84368896484
 20
115477.68292236328
 10
105902.3775024414
 20
115478.68127441406
 10
105901.55767822266
 20
115479.22290039062
 10
105901.46447753906
 20
115479.28448486328
 10
105901.25671386719
 20
115479.42169189453
 10
105901.24572753906
 20
115479.42907714844
 10
105901.0029296875
 20
115479.58947753906
 10
105900.03448486328
 20
115479.84069824219
 10
105897.56909179688
 20
115480.48010253906
 10
105897.55969238281
 20
115480.48248291016
 10
105897.36309814453
 20
115480.53369140625
 10
105897.22589111328
 20
115480.56909179688
 10
105895.51391601562
 20
115480.97790527344
 10
105898.83709716797
 20
115494.47149658203
 10
105909.39971923828
 20
115490.45092773438
 10
105916.19409179688
 20
115499.16247558594
 10
105916.7318725586
 20
115499.85192871094
 10
105916.97668457031
 20
115500.16589355469
 10
105917.5191040039
 20
115500.86151123047
 10
105917.53289794922
 20
115500.87908935547
 10
105919.29132080078
 20
115503.13372802734
 10
105919.30108642578
 20
115503.14630126953
 10
105919.31970214844
 20
115503.17010498047
 10
105919.3383178711
 20
115503.1939086914
 10
105919.44348144531
 20
115503.32891845703
 10
105920.05810546875
 20
115504.07928466797
 10
105920.38208007812
 20
115503.88269042969
 10
105921.29388427734
 20
115505.03430175781
 10
105921.73907470703
 20
115505.59631347656
 10
105921.99908447266
 20
115505.9273071289
 10
105922.34210205078
 20
115506.35809326172
 10
105922.45129394531
 20
115506.49591064453
 10
105922.5191040039
 20
115506.59588623047
 10
105924.69110107422
 20
115509.32452392578
 10
105925.07568359375
 20
115509.8101196289
 10
105926.23150634766
 20
115511.08447265625
 10
105926.53051757812
 20
115511.41412353516
 10
105927.41650390625
 20
115512.39111328125
 10
105927.48767089844
 20
115512.46948242188
 10
105927.65148925781
 20
115512.64947509766
 10
105927.68347167969
 20
115512.6860961914
 10
105928.02069091797
 20
115513.05731201172
 10
105928.5307006836
 20
115513.6196899414
 10
105928.6939086914
 20
115513.79949951172
 10
105928.8461303711
 20
115513.96228027344
 10
105929.06329345703
 20
115514.19311523438
 10
105932.10748291016
 20
115517.42529296875
 10
105932.35668945312
 20
115517.6898803711
 10
105932.46710205078
 20
115517.80712890625
 10
105934.74047851562
 20
115520.22088623047
 10
105936.18072509766
 20
115521.75012207031
 10
105936.60552978516
 20
115522.20111083984
 10
105939.30871582031
 20
115525.0712890625
 10
105939.79071044922
 20
115525.57830810547
 10
105941.4273071289
 20
115527.20727539062
 10
105944.15069580078
 20
115529.91809082031
 10
105946.32611083984
 20
115532.08312988281
 10
105947.0961303711
 20
115532.75592041016
 10
105951.6441040039
 20
115537.37628173828
 10
105954.48413085938
 20
115540.20330810547
 10
105954.6694946289
 20
115540.3876953125
 10
105955.38208007812
 20
115541.09692382812
 10
105955.48168945312
 20
115541.18951416016
 10
105955.6713256836
 20
115541.3779296875
 10
105955.81091308594
 20
115541.5029296875
 10
105959.78350830078
 20
115545.2857055664
 10
105959.87030029297
 20
115545.36791992188
 10
105960.39611816406
 20
115545.86889648438
 10
105962.99389648438
 20
115548.34228515625
 10
105963.26428222656
 20
115548.58367919922
 10
105964.29772949219
 20
115549.58367919922
 10
105964.39093017578
 20
115549.67248535156
 10
105965.0814819336
 20
115550.330078125
 10
105965.95330810547
 20
115551.15631103516
 10
105966.71307373047
 20
115551.88348388672
 10
105966.82330322266
 20
115551.98852539062
 10
105968.96649169922
 20
115554.01867675781
 10
105969.5703125
 20
115554.60412597656
 10
105971.60107421875
 20
115556.5316772461
 10
105971.7705078125
 20
115556.6953125
 10
105971.9614868164
 20
115556.88952636719
 10
105972.962890625
 20
115557.81408691406
 10
105973.08129882812
 20
115557.9213256836
 10
105974.13549804688
 20
115558.89349365234
 10
105975.12268066406
 20
115559.83447265625
 10
105975.26867675781
 20
115559.96728515625
 10
105976.29388427734
 20
115560.93127441406
 10
105977.32647705078
 20
115561.89208984375
 10
105977.37048339844
 20
115561.93328857422
 10
105977.43731689453
 20
115561.99591064453
 10
105977.51727294922
 20
115562.07067871094
 10
105980.39752197266
 20
115564.76452636719
 10
105981.98712158203
 20
115566.25128173828
 10
105982.01330566406
 20
115566.361328125
 10
105982.0316772461
 20
115566.43872070312
 10
105982.06671142578
 20
115566.58569335938
 10
105982.2183227539
 20
115567.22332763672
 10
105981.99768066406
 20
115567.86248779297
 10
105981.92010498047
 20
115568.08728027344
 10
105981.85272216797
 20
115568.28271484375
 10
105981.84912109375
 20
115568.29290771484
 10
105981.7691040039
 20
115568.52508544922
 10
105980.68432617188
 20
115569.20892333984
 10
105978.82012939453
 20
115570.38391113281
 10
105978.67749023438
 20
115570.47387695312
 10
105978.60388183594
 20
115570.52032470703
 10
105977.6948852539
 20
115571.06072998047
 10
105976.73071289062
 20
115571.63427734375
 10
105975.16131591797
 20
115572.56750488281
 10
105974.52447509766
 20
115572.91052246094
 10
105975.89770507812
 20
115575.29229736328
 10
105981.27368164062
 20
115579.89172363281
 10
105983.25848388672
 20
115578.95812988281
 10
105985.21551513672
 20
115579.8618774414
 10
105985.98309326172
 20
115581.31707763672
 10
105985.80792236328
 20
115583.77087402344
 10
105991.29669189453
 20
115588.46691894531
 10
105992.9683227539
 20
115588.93231201172
 10
105993.36547851562
 20
115587.32788085938
 10
105993.36810302734
 20
115587.31732177734
 10
105993.38067626953
 20
115587.26629638672
 10
105993.7719116211
 20
115585.68591308594
 10
105993.77569580078
 20
115585.67108154297
 10
105994.11651611328
 20
115584.29412841797
 10
105994.13232421875
 20
115584.23010253906
 10
105994.14251708984
 20
115584.1889038086
 10
105994.67248535156
 20
115582.04852294922
 10
105994.72131347656
 20
115581.85089111328
 10
105994.9946899414
 20
115580.74670410156
 10
105995.25689697266
 20
115580.54467773438
 10
105995.73413085938
 20
115580.17749023438
 10
105996.05969238281
 20
115580.50030517578
 10
105996.07489013672
 20
115580.51550292969
 10
105996.11828613281
 20
115580.55871582031
 10
105996.12188720703
 20
115580.5620727539
 10
105997.43627929688
 20
115581.86547851562
 10
105997.48828125
 20
115581.91687011719
 10
105997.93969726562
 20
115582.36450195312
 10
105999.2197265625
 20
115583.63391113281
 10
105999.2474975586
 20
115583.66131591797
 10
105999.6196899414
 20
115584.03051757812
 10
105999.64489746094
 20
115584.05529785156
 10
106001.1298828125
 20
115585.5278930664
 10
106001.5767211914
 20
115585.97088623047
 10
106001.60607910156
 20
115585.99987792969
 10
106003.03912353516
 20
115587.4208984375
 10
106003.43212890625
 20
115587.81072998047
 10
106003.5200805664
 20
115587.89770507812
 10
106004.99108886719
 20
115589.35650634766
 10
106005.00128173828
 20
115589.36627197266
 10
106005.28833007812
 20
115589.65112304688
 10
106005.2963256836
 20
115589.65887451172
 10
106006.92028808594
 20
115591.26928710938
 10
106006.9365234375
 20
115591.28527832031
 10
106007.2769165039
 20
115591.62292480469
 10
106007.27947998047
 20
115591.62548828125
 10
106009.1884765625
 20
115593.51831054688
 10
106009.52410888672
 20
115593.85107421875
 10
106009.5316772461
 20
115593.85870361328
 10
106009.60229492188
 20
115593.9287109375
 10
106010.94830322266
 20
115595.26330566406
 10
106010.9614868164
 20
115595.27648925781
 10
106011.27569580078
 20
115595.587890625
 10
106011.51989746094
 20
115595.8461303711
 10
106011.52349853516
 20
115595.84991455078
 10
106014.5205078125
 20
115599.0181274414
 10
106014.52868652344
 20
115599.02667236328
 10
106015.236328125
 20
115599.77471923828
 10
106015.48748779297
 20
115600.07049560547
 10
106015.53192138672
 20
115600.12268066406
 10
106017.66790771484
 20
115602.6376953125
 10
106018.90393066406
 20
115604.09289550781
 10
106018.94207763672
 20
115604.14147949219
 10
106018.95971679688
 20
115604.16430664062
 10
106022.84692382812
 20
115609.1431274414
 10
106025.45251464844
 20
115611.7119140625
 10
106026.93292236328
 20
115613.75610351562
 10
106027.05310058594
 20
115613.92211914062
 10
106027.1441040039
 20
115614.0523071289
 10
106027.14672851562
 20
115614.0560913086
 10
106029.6390991211
 20
115617.62408447266
 10
106029.64569091797
 20
115617.63330078125
 10
106029.72509765625
 20
115617.7470703125
 10
106031.11010742188
 20
115619.72967529297
 10
106031.11328125
 20
115619.73449707031
 10
106031.27032470703
 20
115619.95910644531
 10
106031.3599243164
 20
115620.08947753906
 10
106033.28228759766
 20
115622.8862915039
 10
106033.42150878906
 20
115623.08868408203
 10
106033.43530273438
 20
115623.10913085938
 10
106033.98950195312
 20
115623.91510009766
 10
106035.65612792969
 20
115626.33990478516
 10
106034.45031738281
 20
115626.67248535156
 10
106034.57373046875
 20
115627.11791992188
 10
106034.57928466797
 20
115627.138671875
 10
106034.91131591797
 20
115628.33752441406
 10
106034.92211914062
 20
115628.37591552734
 10
106035.05572509766
 20
115628.85852050781
 10
106035.86810302734
 20
115631.79211425781
 10
106035.99127197266
 20
115632.23712158203
 10
106036.01672363281
 20
115632.3286743164
 10
106036.6884765625
 20
115634.75451660156
 10
106036.85632324219
 20
115635.36071777344
 10
106036.89947509766
 20
115635.51647949219
 10
106037.55450439453
 20
115637.88153076172
 10
106037.67248535156
 20
115638.30767822266
 10
106036.4273071289
 20
115638.66632080078
 10
106036.13232421875
 20
115638.75128173828
 10
106033.74090576172
 20
115639.4398803711
 10
106033.7211303711
 20
115639.44567871094
 10
106033.68249511719
 20
115639.45690917969
 10
106030.7857055664
 20
115640.29107666016
 10
106034.03912353516
 20
115651.12371826172
 10
106039.25909423828
 20
115649.59912109375
 10
106039.66589355469
 20
115649.4808959961
 10
106042.1870727539
 20
115648.7294921875
 10
106042.76208496094
 20
115648.55810546875
 10
106047.31591796875
 20
115664.65393066406
 10
106046.33172607422
 20
115664.9517211914
 10
106047.2133178711
 20
115667.86511230469
 10
106047.45568847656
 20
115668.66668701172
 10
106049.6566772461
 20
115675.94091796875
 10
106052.46130371094
 20
115684.18170166016
 10
106054.5307006836
 20
115693.63208007812
 10
106006.24047851562
 20
115707.56567382812
 10
106010.72607421875
 20
115725.52447509766
 10
106018.44110107422
 20
115723.6400756836
 10
106026.03729248047
 20
115721.6870727539
 10
106032.6713256836
 20
115719.8784790039
 10
106033.43591308594
 20
115719.68310546875
 10
106041.88732910156
 20
115717.05590820312
 10
106043.12231445312
 20
115716.69567871094
 10
106045.94891357422
 20
115726.3129272461
 10
106050.21008300781
 20
115725.21807861328
 10
106057.41607666016
 20
115723.36907958984
 10
106057.61889648438
 20
115726.93347167969
 10
106057.61907958984
 20
115726.9384765625
 10
106057.62408447266
 20
115727.02307128906
 10
106057.62768554688
 20
115727.08947753906
 10
106058.29028320312
 20
115736.58972167969
 10
106058.2982788086
 20
115736.70629882812
 10
106058.3060913086
 20
115736.81811523438
 10
106058.59350585938
 20
115742.10327148438
 10
106058.6021118164
 20
115742.26049804688
 10
106058.96649169922
 20
115749.4652709961
 10
106058.9697265625
 20
115749.5302734375
 10
106058.97772216797
 20
115749.68768310547
 10
106059.16748046875
 20
115757.0103149414
 10
106059.16870117188
 20
115757.0615234375
 10
106059.17248535156
 20
115757.20971679688
 10
106059.4057006836
 20
115765.9541015625
 10
106059.4066772461
 20
115765.9946899414
 10
106059.41088867188
 20
115766.14910888672
 10
106059.65869140625
 20
115774.85168457031
 10
106059.66412353516
 20
115775.04528808594
 10
106059.85711669922
 20
115781.72631835938
 10
106059.86352539062
 20
115781.94989013672
 10
106060.0302734375
 20
115789.25268554688
 10
106060.03607177734
 20
115789.50671386719
 10
106060.15832519531
 20
115795.57330322266
 10
106060.16387939453
 20
115795.85229492188
 10
106060.25952148438
 20
115801.56707763672
 10
106060.26452636719
 20
115801.87030029297
 10
106060.61688232422
 20
115816.04852294922
 10
106060.62628173828
 20
115816.42071533203
 10
106060.70892333984
 20
115820.2728881836
 10
106060.71173095703
 20
115820.3978881836
 10
106060.7359008789
 20
115820.87829589844
 10
106060.98748779297
 20
115825.86547851562
 10
106060.98431396484
 20
115826.4794921875
 10
106060.98431396484
 20
115826.49291992188
 10
106060.97607421875
 20
115828.13171386719
 10
106060.94567871094
 20
115834.15911865234
 10
106060.94409179688
 20
115834.4849243164
 10
106060.9692993164
 20
115836.921875
 10
106060.99108886719
 20
115839.0316772461
 10
106060.99609375
 20
115839.5034790039
 10
106061.08068847656
 20
115846.3568725586
 10
106061.08673095703
 20
115846.84649658203
 10
106061.345703125
 20
115859.56591796875
 10
106061.35711669922
 20
115860.12292480469
 10
106061.66607666016
 20
115867.35632324219
 10
106061.72790527344
 20
115870.92889404297
 10
106061.73828125
 20
115871.52551269531
 10
106062.04968261719
 20
115879.970703125
 10
106062.6044921875
 20
115897.49407958984
 10
106062.6312866211
 20
115898.24890136719
 10
106062.9301147461
 20
115903.08770751953
 10
106062.98388671875
 20
115903.95867919922
 10
106063.10150146484
 20
115905.13671875
 10
106063.65228271484
 20
115910.64947509766
 10
106063.7807006836
 20
115911.5150756836
 10
106064.76391601562
 20
115918.14031982422
 10
106064.8931274414
 20
115918.82727050781
 10
106064.8950805664
 20
115918.837890625
 10
106065.99670410156
 20
115924.69470214844
 10
106066.1220703125
 20
115925.31549072266
 10
106066.65008544922
 20
115927.92932128906
 10
106066.7769165039
 20
115928.46130371094
 10
106068.14270019531
 20
115934.19311523438
 10
106068.26550292969
 20
115934.63208007812
 10
106070.00451660156
 20
115940.8433227539
 10
106070.1215209961
 20
115941.19909667969
 10
106072.07592773438
 20
115947.14208984375
 10
106072.18432617188
 20
115947.44812011719
 10
106074.31048583984
 20
115953.44873046875
 10
106074.41107177734
 20
115953.68872070312
 10
106076.89129638672
 20
115959.60412597656
 10
106076.98107910156
 20
115959.80749511719
 10
106080.92309570312
 20
115968.73748779297
 10
106080.99548339844
 20
115968.9019165039
 10
106084.95391845703
 20
115977.88592529297
 10
106085.00891113281
 20
115978.01147460938
 10
106085.02252197266
 20
115978.04211425781
 10
106088.98272705078
 20
115987.06091308594
 10
106089.03088378906
 20
115987.17010498047
 10
106089.05932617188
 20
115987.2349243164
 10
106093.01849365234
 20
115996.22528076172
 10
106093.06567382812
 20
115996.33190917969
 10
106093.08947753906
 20
115996.38549804688
 10
106097.06512451172
 20
116005.36450195312
 10
106097.0952758789
 20
116005.43292236328
 10
106097.14947509766
 20
116005.55487060547
 10
106099.8521118164
 20
116011.65692138672
 10
106099.86987304688
 20
116011.78967285156
 10
106099.88690185547
 20
116011.91687011719
 10
106099.92712402344
 20
116012.21728515625
 10
106100.04888916016
 20
116013.12670898438
 10
106099.99829101562
 20
116013.40393066406
 10
106099.85467529297
 20
116014.19067382812
 10
106099.58807373047
 20
116014.77307128906
 10
106099.41369628906
 20
116015.15393066406
 10
106099.26092529297
 20
116015.48791503906
 10
106098.98107910156
 20
116015.80529785156
 10
106098.73211669922
 20
116016.10412597656
 10
106097.09167480469
 20
116017.07232666016
 10
106096.8955078125
 20
116017.1879272461
 10
106096.28210449219
 20
116017.55010986328
 10
106095.19952392578
 20
116017.77508544922
 10
106094.46789550781
 20
116017.92712402344
 10
106095.24108886719
 20
116022.06530761719
 10
106095.32312011719
 20
116022.2534790039
 10
106098.2807006836
 20
116021.70568847656
 10
106100.16131591797
 20
116032.56469726562
 10
106100.16430664062
 20
116033.16668701172
 10
106100.31652832031
 20
116034.76928710938
 10
106100.31927490234
 20
116036.68170166016
 10
106100.3212890625
 20
116040.5546875
 10
106103.09887695312
 20
116040.65252685547
 10
106103.64367675781
 20
116037.87951660156
 10
106104.81127929688
 20
116033.24230957031
 10
106104.97509765625
 20
116033.24011230469
 10
106105.03228759766
 20
116039.73992919922
 10
106105.29229736328
 20
116040.4370727539
 10
106105.25231933594
 20
116043.38427734375
 10
106105.37109375
 20
116048.10772705078
 10
106105.48907470703
 20
116052.79791259766
 10
106105.52111816406
 20
116056.81848144531
 10
106110.79650820312
 20
116056.62345827174
  0
TEXT
  5
AE
330
17
100
AcDbEntity
  8
40-ROT-UE
100
AcDbText
 10
106001.2333071548
 20
115515.65454409133
 30
0.0
 40
18.0
  1
UE-04  (15250.0)
 72
1
 11
106001.2333071548
 21
115515.65454409133
 31
0.0
100
AcDbText
 73
2
  0
LWPOLYLINE
  5
AF
330
17
100
AcDbEntity
  8
00-BASE-UE
100
AcDbPolyline
 90
386
 70
1
 10
105979.77172851562
 20
117062.3798828125
 10
105983.07568359375
 20
117053.77447509766
 10
105988.98468017578
 20
117037.15887451172
 10
105994.16790771484
 20
117019.19732666016
 10
106006.96850585938
 20
116985.92248535156
 10
106038.54309082031
 20
116903.58251953125
 10
106036.82348632812
 20
116903.00469970703
 10
106039.04791259766
 20
116896.92211914062
 10
106041.05487060547
 20
116891.29888916016
 10
106042.06427001953
 20
116888.51947021484
 10
106043.07391357422
 20
116885.73992919922
 10
106045.12512207031
 20
116880.02410888672
 10
106046.99249267578
 20
116874.44030761719
 10
106049.21112060547
 20
116868.77807617188
 10
106051.24072265625
 20
116863.18292236328
 10
106052.28912353516
 20
116860.3369140625
 10
106053.33728027344
 20
116857.49090576172
 10
106055.50592041016
 20
116851.88610839844
 10
106057.00732421875
 20
116845.9633178711
 10
106062.20770263672
 20
116847.76428222656
 10
106066.00012207031
 20
116849.07208251953
 10
106069.87591552734
 20
116838.06927490234
 10
106061.48791503906
 20
116835.23571777344
 10
106069.40252685547
 20
116812.46948242188
 10
106069.4263305664
 20
116812.40130615234
 10
106071.41827392578
 20
116806.6713256836
 10
106073.4555053711
 20
116801.0269165039
 10
106075.57409667969
 20
116795.19989013672
 10
106077.56732177734
 20
116789.74609375
 10
106079.56091308594
 20
116783.919921875
 10
106081.48028564453
 20
116778.47570800781
 10
106083.49591064453
 20
116772.74487304688
 10
106085.44409179688
 20
116767.1644897461
 10
106087.5112915039
 20
116761.22589111328
 10
106089.52911376953
 20
116755.75512695312
 10
106091.1400756836
 20
116751.41711425781
 10
106095.52349853516
 20
116752.98828125
 10
106095.65411376953
 20
116752.62390136719
 10
106095.85711669922
 20
116750.11547851562
 10
106098.11529541016
 20
116749.2211303711
 10
106101.59448242188
 20
116749.23431396484
 10
106100.99670410156
 20
116745.45050048828
 10
106102.4389038086
 20
116743.12310791016
 10
106104.89910888672
 20
116738.63348388672
 10
106107.70892333984
 20
116731.72387695312
 10
106104.6597290039
 20
116725.31408691406
 10
106106.38891601562
 20
116720.96667480469
 10
106109.00408935547
 20
116716.6851196289
 10
106111.35107421875
 20
116712.19787597656
 10
106113.48449707031
 20
116707.51971435547
 10
106114.49969482422
 20
116703.61608886719
 10
106119.49609375
 20
116705.5150756836
 10
106121.60131835938
 20
116697.67767333984
 10
106121.65869140625
 20
116697.48608398438
 10
106122.35809326172
 20
116694.13891601562
 10
106124.2308959961
 20
116684.37609863281
 10
106126.38690185547
 20
116673.13671875
 10
106128.03350830078
 20
116664.55187988281
 10
106129.2451171875
 20
116658.5463256836
 10
106133.71667480469
 20
116659.35711669922
 10
106134.45050048828
 20
116654.41131591797
 10
106137.01110839844
 20
116637.15692138672
 10
106133.49127197266
 20
116637.1962890625
 10
106133.7017211914
 20
116635.96771240234
 10
106133.90307617188
 20
116634.61950683594
 10
106134.09649658203
 20
116633.27392578125
 10
106134.2816772461
 20
116631.9310913086
 10
106134.45971679688
 20
116630.59088134766
 10
106134.63067626953
 20
116629.25372314453
 10
106134.794921875
 20
116627.91931152344
 10
106134.953125
 20
116626.58807373047
 10
106135.10552978516
 20
116625.25988769531
 10
106135.2529296875
 20
116623.93469238281
 10
106135.35772705078
 20
116622.96087646484
 10
106139.18072509766
 20
116622.837890625
 10
106140.455078125
 20
116617.47552490234
 10
106141.46112060547
 20
116607.32348632812
 10
106142.30871582031
 20
116598.52551269531
 10
106143.12231445312
 20
116592.89331054688
 10
106144.73052978516
 20
116587.46691894531
 10
106143.66491699219
 20
116582.92572021484
 10
106142.7857055664
 20
116577.03448486328
 10
106141.45751953125
 20
116572.08587646484
 10
106142.345703125
 20
116565.55432128906
 10
106143.15270996094
 20
116558.11907958984
 10
106144.28271484375
 20
116550.771484375
 10
106147.04650878906
 20
116537.46447753906
 10
106149.27893066406
 20
116527.7548828125
 10
106151.73950195312
 20
116518.09887695312
 10
106155.29748535156
 20
116506.18048095703
 10
106158.65869140625
 20
116491.47351074219
 10
106162.20092773438
 20
116486.52850341797
 10
106161.2857055664
 20
116480.75988769531
 10
106164.45751953125
 20
116470.7816772461
 10
106164.1187133789
 20
116465.00207519531
 10
106165.38391113281
 20
116454.53930664062
 10
106166.47448730469
 20
116449.1879272461
 10
106166.5966796875
 20
116433.05090332031
 10
106166.88830566406
 20
116427.66027832031
 10
106166.33129882812
 20
116422.4946899414
 10
106167.37829589844
 20
116417.3950805664
 10
106169.51452636719
 20
116411.8383178711
 10
106169.04772949219
 20
116406.4360961914
 10
106168.13153076172
 20
116401.39868164062
 10
106163.5366821289
 20
116391.66333007812
 10
106161.83312988281
 20
116376.83807373047
 10
106159.70227050781
 20
116372.02087402344
 10
106159.29327392578
 20
116362.13751220703
 10
106158.529296875
 20
116357.17651367188
 10
106157.75811767578
 20
116347.47668457031
 10
106156.84631347656
 20
116337.74768066406
 10
106156.16552734375
 20
116332.81408691406
 10
106154.97668457031
 20
116328.22668457031
 10
106155.1782836914
 20
116325.11730957031
 10
106155.77868652344
 20
116318.80047607422
 10
106157.08673095703
 20
116313.89129638672
 10
106157.43072509766
 20
116307.29290771484
 10
106157.57531738281
 20
116298.8442993164
 10
106155.75927734375
 20
116293.84490966797
 10
106155.26287841797
 20
116284.09448242188
 10
106155.97387695312
 20
116279.07592773438
 10
106155.51470947266
 20
116273.89428710938
 10
106154.38989257812
 20
116268.9223022461
 10
106154.25091552734
 20
116264.50952148438
 10
106159.8110961914
 20
116259.91772460938
 10
106156.09307861328
 20
116254.50592041016
 10
106155.61267089844
 20
116253.75811767578
 10
106160.33807373047
 20
116250.72229003906
 10
106161.37188720703
 20
116250.00769042969
 10
106160.85888671875
 20
116249.14672851562
 10
106160.57312011719
 20
116248.66687011719
 10
106158.2778930664
 20
116244.8148803711
 10
106157.70050048828
 20
116243.30029296875
 10
106156.37927246094
 20
116241.06768798828
 10
106155.88470458984
 20
116239.6875
 10
106156.75048828125
 20
116239.08673095703
 10
106156.18188476562
 20
116234.00372314453
 10
106156.12292480469
 20
116228.77532958984
 10
106154.36547851562
 20
116229.11791992188
 10
106153.70190429688
 20
116138.9794921875
 10
106153.48828125
 20
116134.00067138672
 10
106153.6552734375
 20
116129.04272460938
 10
106154.08129882812
 20
116119.00988769531
 10
106153.94451904297
 20
116114.29907226562
 10
106157.34289550781
 20
116109.31750488281
 10
106157.0297241211
 20
116099.0698852539
 10
106156.7216796875
 20
116088.9849243164
 10
106157.1732788086
 20
116074.71868896484
 10
106157.2783203125
 20
116068.90167236328
 10
106157.04907226562
 20
116051.3369140625
 10
106142.1058959961
 20
116052.95349121094
 10
106142.1692199707
 20
116053.54327392578
 10
106142.28887939453
 20
116054.64447021484
 10
106142.28018188477
 20
116054.64587402344
 10
106140.63044798066
 20
116054.90419111161
 10
106133.71490478516
 20
116055.98809814453
 10
106130.4384765625
 20
116056.49810791016
 10
106130.337890625
 20
116054.77172851562
 10
106123.34228515625
 20
116055.05969238281
 10
106122.92141723633
 20
116055.07690429688
 10
106122.94655275941
 20
116055.4863380633
 10
106122.9880065918
 20
116056.17272949219
 10
106116.74090568734
 20
116056.40368451152
 10
106110.79650820312
 20
116056.62345827174
 10
106105.52111816406
 20
116056.81848144531
 10
106105.603515625
 20
116067.2183227539
 10
106105.61608886719
 20
116070.10510253906
 10
106105.68432617188
 20
116081.86309814453
 10
106105.69470214844
 20
116083.48327636719
 10
106105.70587158203
 20
116085.24890136719
 10
106105.70788574219
 20
116085.53790283203
 10
106105.76593017578
 20
116089.13891601562
 10
106105.77130126953
 20
116089.4799194336
 10
106105.81951904297
 20
116089.54071044922
 10
106106.00030517578
 20
116089.76867675781
 10
106107.07708740234
 20
116091.12707519531
 10
106107.93188476562
 20
116100.67767333984
 10
106107.955078125
 20
116100.93591308594
 10
106107.96447753906
 20
116101.04229736328
 10
106108.0952758789
 20
116102.5025024414
 10
106108.09588623047
 20
116102.50787353516
 10
106108.1187133789
 20
116102.76452636719
 10
106108.1441040039
 20
116103.04772949219
 10
106109.38372802734
 20
116115.53607177734
 10
106109.41790771484
 20
116115.88171386719
 10
106109.93872070312
 20
116121.42651367188
 10
106110.23107910156
 20
116124.54150390625
 10
106110.27587890625
 20
116125.0181274414
 10
106110.29071044922
 20
116127.02130126953
 10
106110.3291015625
 20
116132.22692871094
 10
106110.3775024414
 20
116138.81628417969
 10
106110.3803100586
 20
116139.18371582031
 10
106110.35192871094
 20
116150.9365234375
 10
106110.35089111328
 20
116151.34008789062
 10
106110.39227294922
 20
116166.88488769531
 10
106110.39227294922
 20
116166.89489746094
 10
106110.39349365234
 20
116167.35229492188
 10
106110.39587402344
 20
116177.24072265625
 10
106110.39611816406
 20
116177.73248291016
 10
106110.3803100586
 20
116190.24230957031
 10
106110.37969970703
 20
116190.77868652344
 10
106110.29010009766
 20
116203.51092529297
 10
106110.28607177734
 20
116204.08410644531
 10
106110.33172607422
 20
116216.74108886719
 10
106110.33392333984
 20
116217.38372802734
 10
106110.48248291016
 20
116231.09832763672
 10
106110.49029541016
 20
116231.8120727539
 10
106110.4555053711
 20
116236.67852783203
 10
106110.45068359375
 20
116237.36352539062
 10
106110.45770263672
 20
116238.19970703125
 10
106110.55572509766
 20
116249.67932128906
 10
106110.55212402344
 20
116250.5062866211
 10
106110.50848388672
 20
116260.9545288086
 10
106110.5048828125
 20
116261.7318725586
 10
106110.47351074219
 20
116268.54052734375
 10
106110.4555053711
 20
116272.46008300781
 10
106110.44311523438
 20
116275.16668701172
 10
106110.44592285156
 20
116275.85607910156
 10
106110.4868774414
 20
116285.49169921875
 10
106110.4887084961
 20
116286.13952636719
 10
106110.51568603516
 20
116296.38671875
 10
106110.51672363281
 20
116296.98828125
 10
106110.53009033203
 20
116304.78131103516
 10
106110.53149414062
 20
116305.34448242188
 10
106110.5523071289
 20
116314.12548828125
 10
106110.55212402344
 20
116314.6519165039
 10
106110.54949951172
 20
116320.48547363281
 10
106110.54992675781
 20
116320.98168945312
 10
106110.55529785156
 20
116327.17791748047
 10
106110.5546875
 20
116327.64727783203
 10
106110.54412841797
 20
116335.27331542969
 10
106110.55291748047
 20
116335.68170166016
 10
106110.64709472656
 20
116340.04528808594
 10
106110.75268554688
 20
116344.94592285156
 10
106110.79132080078
 20
116346.73748779297
 10
106110.80969238281
 20
116347.55267333984
 10
106110.82830810547
 20
116352.27648925781
 10
106110.84307861328
 20
116356.02709960938
 10
106110.85772705078
 20
116360.47631835938
 10
106110.86987304688
 20
116364.13409423828
 10
106110.78009033203
 20
116368.47650146484
 10
106110.77368164062
 20
116368.78448486328
 10
106110.76470947266
 20
116370.38989257812
 10
106110.84210205078
 20
116370.80767822266
 10
106110.73547363281
 20
116373.6469116211
 10
106110.71307373047
 20
116374.24609375
 10
106110.65832519531
 20
116379.10772705078
 10
106110.74530029297
 20
116379.86688232422
 10
106110.72912597656
 20
116380.72869873047
 10
106110.73608398438
 20
116385.07647705078
 10
106110.5712890625
 20
116393.07647705078
 10
106110.56127929688
 20
116393.5625
 10
106110.36010742188
 20
116399.68328857422
 10
106110.25390625
 20
116401.47668457031
 10
106110.10247802734
 20
116404.39367675781
 10
106109.87548828125
 20
116409.5034790039
 10
106109.87048339844
 20
116410.07708740234
 10
106109.73052978516
 20
116414.2866821289
 10
106109.54028320312
 20
116417.87731933594
 10
106109.3305053711
 20
116421.83911132812
 10
106108.80108642578
 20
116429.55688476562
 10
106102.02709960938
 20
116430.03308105469
 10
106102.68969726562
 20
116440.17608642578
 10
106108.40490722656
 20
116439.80529785156
 10
106110.68927001953
 20
116439.65692138672
 10
106109.0532836914
 20
116459.9208984375
 10
106107.76788330078
 20
116475.07147216797
 10
106107.4476928711
 20
116485.65509033203
 10
106107.07849121094
 20
116494.3314819336
 10
106104.8950805664
 20
116511.17431640625
 10
106103.986328125
 20
116514.69592285156
 10
106101.51727294922
 20
116519.86328125
 10
106100.06451416016
 20
116519.95068359375
 10
106099.88250732422
 20
116519.9614868164
 10
106098.94427490234
 20
116520.02087402344
 10
106090.59912109375
 20
116520.55047607422
 10
106086.4370727539
 20
116520.76251220703
 10
106087.34448242188
 20
116538.56329345703
 10
106092.4448852539
 20
116538.19989013672
 10
106094.80090332031
 20
116538.81091308594
 10
106096.98547363281
 20
116540.19989013672
 10
106097.58111572266
 20
116541.06231689453
 10
106097.99572753906
 20
116541.66290283203
 10
106098.30749511719
 20
116542.57928466797
 10
106098.6552734375
 20
116543.60192871094
 10
106098.67150878906
 20
116543.64929199219
 10
106098.73028564453
 20
116543.82250976562
 10
106098.73272705078
 20
116543.8295288086
 10
106098.85052490234
 20
116544.17572021484
 10
106099.09631347656
 20
116545.62689208984
 10
106099.14392089844
 20
116545.90747070312
 10
106099.11767578125
 20
116546.25970458984
 10
106099.07330322266
 20
116546.8599243164
 10
106099.0625
 20
116547.00451660156
 10
106098.99890136719
 20
116547.86108398438
 10
106098.9984741211
 20
116547.86669921875
 10
106098.98748779297
 20
116548.01727294922
 10
106098.97967529297
 20
116548.11987304688
 10
106098.9194946289
 20
116548.45831298828
 10
106097.3724975586
 20
116557.13787841797
 10
106097.36010742188
 20
116557.20727539062
 10
106097.33868408203
 20
116557.3276977539
 10
106095.43811035156
 20
116568.16888427734
 10
106095.43627929688
 20
116568.17950439453
 10
106095.42010498047
 20
116568.2719116211
 10
106095.39971923828
 20
116568.38830566406
 10
106094.00872802734
 20
116576.29327392578
 10
106093.98071289062
 20
116576.45227050781
 10
106093.70770263672
 20
116577.97290039062
 10
106091.6196899414
 20
116589.60711669922
 10
106092.94171142578
 20
116589.51428222656
 10
106091.26068115234
 20
116603.5366821289
 10
106089.88269042969
 20
116612.39892578125
 10
106089.7783203125
 20
116613.0698852539
 10
106089.77752685547
 20
116613.07452392578
 10
106089.28991699219
 20
116616.21069335938
 10
106087.99029541016
 20
116622.78631591797
 10
106086.6644897461
 20
116631.0864868164
 10
106087.05187988281
 20
116631.18627929688
 10
106085.4057006836
 20
116636.99871826172
 10
106083.84307861328
 20
116642.169921875
 10
106083.10290527344
 20
116644.529296875
 10
106068.00512695312
 20
116645.4951171875
 10
106031.12908935547
 20
116648.22607421875
 10
106030.05810546875
 20
116661.50732421875
 10
106044.1400756836
 20
116665.58911132812
 10
106050.59210205078
 20
116666.4351196289
 10
106050.69610595703
 20
116665.96807861328
 10
106070.80407714844
 20
116669.24908447266
 10
106070.705078125
 20
116669.60607910156
 10
106074.11712646484
 20
116669.97192382812
 10
106070.77130126953
 20
116678.71112060547
 10
106064.41711425781
 20
116695.53289794922
 10
106059.29388427734
 20
116710.1099243164
 10
106052.83836271704
 20
116713.18166887268
 10
106046.26770019531
 20
116715.99871826172
 10
106048.14147949219
 20
116721.72509765625
 10
106049.13391113281
 20
116727.69830322266
 10
106049.15747070312
 20
116732.88427734375
 10
106047.69567871094
 20
116742.0767211914
 10
106046.99987792969
 20
116745.3037109375
 10
106043.08630371094
 20
116756.62890625
 10
106040.14569091797
 20
116765.1303100586
 10
106036.2359008789
 20
116776.46228027344
 10
106032.38970947266
 20
116787.58190917969
 10
106029.46228027344
 20
116796.05749511719
 10
106026.50891113281
 20
116804.845703125
 10
106017.88592529297
 20
116830.30029296875
 10
106015.78308105469
 20
116836.25830078125
 10
106013.65710449219
 20
116846.17572021484
 10
106012.75830078125
 20
116852.111328125
 10
106011.796875
 20
116858.65887451172
 10
106009.63348388672
 20
116863.79571533203
 10
106008.69207763672
 20
116866.91430664062
 10
106009.0181274414
 20
116867.16552734375
 10
106007.56909179688
 20
116869.44732666016
 10
106002.08807373047
 20
116883.55572509766
 10
105998.58911132812
 20
116892.49670410156
 10
105993.18469238281
 20
116906.40710449219
 10
105987.83032226562
 20
116920.19287109375
 10
105983.21173095703
 20
116932.06591796875
 10
105979.4896850586
 20
116941.34790039062
 10
105975.96209716797
 20
116950.32452392578
 10
105970.47869873047
 20
116964.22631835938
 10
105966.77667236328
 20
116973.83410644531
 10
105958.60028076172
 20
116994.5347290039
 10
105954.07189941406
 20
117006.17950439453
 10
105951.35931396484
 20
117013.09912109375
 10
105945.84588623047
 20
117027.29089355469
 10
105944.03369140625
 20
117031.90032958984
 10
105938.66827392578
 20
117045.53649902344
 10
105937.49169921875
 20
117048.57708740234
 10
105944.26835349467
 20
117051.19916878578
 10
105949.27709960938
 20
117053.13708496094
 10
105948.51171875
 20
117055.14270019531
 10
105948.88472617231
 20
117055.28705359378
 10
105955.4130859375
 20
117057.8129272461
 10
105955.52807617188
 20
117057.51190185547
 10
105955.68450927734
 20
117057.1021118164
 10
105960.35573227276
 20
117058.88483690802
 10
105966.89569091797
 20
117061.38067626953
 10
105966.73379516602
 20
117061.80487060547
 10
105967.04071037727
 20
117061.92248553935
 10
105968.54009670891
 20
117062.49689605257
 10
105978.19647216797
 20
117066.1962890625
 10
105979.77172851562
 20
117062.3798828125
  0
TEXT
  5
B0
330
17
100
AcDbEntity
  8
40-ROT-UE
100
AcDbText
 10
106091.95138200997
 20
116555.62357348832
 30
0.0
 40
18.0
  1
UE-05  (16290.0)
 72
1
 11
106091.95138200997
 21
116555.62357348832
 31
0.0
100
AcDbText
 73
2
  0
LWPOLYLINE
  5
B1
330
17
100
AcDbEntity
  8
00-BASE-UE
100
AcDbPolyline
 90
443
 70
1
 10
105698.45989990234
 20
118126.42651367188
 10
105700.18292236328
 20
118117.94787597656
 10
105703.56091308594
 20
118104.162109375
 10
105707.68627929688
 20
118090.58111572266
 10
105709.93450927734
 20
118083.8471069336
 10
105715.59411621094
 20
118069.70031738281
 10
105721.09729003906
 20
118057.74670410156
 10
105721.58270263672
 20
118056.763671875
 10
105725.16528320312
 20
118049.51007080078
 10
105733.22491455078
 20
118033.09368896484
 10
105734.14129638672
 20
118033.4873046875
 10
105736.20007324219
 20
118034.2880859375
 10
105738.15209960938
 20
118035.28912353516
 10
105742.88311767578
 20
118037.4716796875
 10
105749.44512939453
 20
118023.60107421875
 10
105751.88708496094
 20
118018.1431274414
 10
105760.33911132812
 20
118001.43811035156
 10
105763.12707519531
 20
118002.62310791016
 10
105764.42547607422
 20
117999.88427734375
 10
105758.0380859375
 20
117997.44012451172
 10
105756.27893066406
 20
117995.93908691406
 10
105757.46490478516
 20
117991.02227783203
 10
105756.21490478516
 20
117989.95928955078
 10
105757.27947998047
 20
117988.76672363281
 10
105755.44647216797
 20
117987.13049316406
 10
105762.96612548828
 20
117970.98107910156
 10
105773.60607910156
 20
117948.0200805664
 10
105774.22912597656
 20
117947.57409667969
 10
105779.29309082031
 20
117937.15710449219
 10
105785.4970703125
 20
117924.61108398438
 10
105789.82110595703
 20
117916.12109375
 10
105788.70428466797
 20
117915.54510498047
 10
105802.52990722656
 20
117889.06451416016
 10
105816.3784790039
 20
117864.77471923828
 10
105820.68450927734
 20
117855.8452758789
 10
105827.50549316406
 20
117840.40771484375
 10
105828.2681274414
 20
117840.74609375
 10
105829.67608642578
 20
117837.44708251953
 10
105830.65911865234
 20
117835.76708984375
 10
105834.40411376953
 20
117826.02911376953
 10
105834.41229248047
 20
117826.00830078125
 10
105837.69268798828
 20
117818.31951904297
 10
105835.80108642578
 20
117817.38311767578
 10
105842.48413085938
 20
117803.41009521484
 10
105845.13409423828
 20
117797.45867919922
 10
105847.09411621094
 20
117798.34448242188
 10
105849.6441040039
 20
117792.70111083984
 10
105854.47912597656
 20
117781.3931274414
 10
105856.38848876953
 20
117782.10150146484
 10
105857.01489257812
 20
117780.51531982422
 10
105857.92687988281
 20
117778.205078125
 10
105860.47570800781
 20
117771.75012207031
 10
105858.58709716797
 20
117770.94708251953
 10
105861.91009521484
 20
117762.47509765625
 10
105864.92309570312
 20
117754.76611328125
 10
105865.19207763672
 20
117754.2700805664
 10
105867.14910888672
 20
117748.98248291016
 10
105867.4453125
 20
117748.10192871094
 10
105872.82452392578
 20
117733.66229248047
 10
105873.02807617188
 20
117733.46569824219
 10
105873.7797241211
 20
117733.16412353516
 10
105874.16352614955
 20
117733.04566129335
 10
105874.55670166016
 20
117732.96350097656
 10
105875.06098174666
 20
117732.93452385969
 10
105875.56331236834
 20
117732.98745802138
 10
105876.05047607422
 20
117733.12091064453
 10
105876.51357173658
 20
117733.31640189831
 10
105876.9400271882
 20
117733.58250370322
 10
105877.31916164292
 20
117733.91255140892
 10
105877.64147949219
 20
117734.2982788086
 10
105877.79049987471
 20
117734.43960323004
 10
105877.91404884626
 20
117734.60366211623
 10
105878.00871209122
 20
117734.78592164701
 10
105878.07187356036
 20
117734.98134502157
 10
105878.10178776612
 20
117735.18453165203
 10
105878.09762801981
 20
117735.38986641046
 10
105878.05950927734
 20
117735.59167480469
 10
105880.26007080078
 20
117731.6381225586
 10
105882.79388427734
 20
117725.57708740234
 10
105887.220703125
 20
117727.34210205078
 10
105888.27209472656
 20
117724.73669433594
 10
105880.09008789062
 20
117720.830078125
 10
105877.42309570312
 20
117719.29248046875
 10
105877.98413085938
 20
117717.33807373047
 10
105879.46911621094
 20
117712.9711303711
 10
105880.912109375
 20
117707.5971069336
 10
105883.79309082031
 20
117696.36511230469
 10
105883.8890991211
 20
117695.90209960938
 10
105884.68408203125
 20
117693.04888916016
 10
105885.82409667969
 20
117688.56512451172
 10
105886.52911376953
 20
117685.87109375
 10
105888.30810546875
 20
117678.76208496094
 10
105890.1400756836
 20
117670.82110595703
 10
105891.5131225586
 20
117664.23608398438
 10
105892.80212402344
 20
117657.81707763672
 10
105893.37408447266
 20
117654.66711425781
 10
105893.99108886719
 20
117651.38610839844
 10
105897.71911621094
 20
117645.9047241211
 10
105898.62487792969
 20
117640.5034790039
 10
105898.90520062468
 20
117639.41724248693
 10
105899.36812114333
 20
117638.39538379927
 10
105899.99985054163
 20
117637.46834089224
 10
105900.78157159082
 20
117636.66372745376
 10
105901.68999928338
 20
117636.00551038353
 10
105902.69807441998
 20
117635.51329589462
 10
105903.77576961787
 20
117635.20174550611
 10
105904.89098373197
 20
117635.08013932266
 10
105906.01049804688
 20
117635.15209960938
 10
105917.40447998047
 20
117636.88092041016
 10
105919.69470214844
 20
117622.345703125
 10
105912.33709716797
 20
117621.1390991211
 10
105912.29809570312
 20
117621.05407714844
 10
105910.75811767578
 20
117620.8941040039
 10
105909.86108398438
 20
117620.2470703125
 10
105905.5620727539
 20
117619.40411376953
 10
105903.73907470703
 20
117617.52410888672
 10
105902.40710449219
 20
117614.17309570312
 10
105902.68908691406
 20
117605.1441040039
 10
105903.80010986328
 20
117594.11712646484
 10
105904.6441040039
 20
117583.76208496094
 10
105905.1298828125
 20
117578.07568359375
 10
105905.37268066406
 20
117574.85827636719
 10
105905.63348388672
 20
117571.40032958984
 10
105905.78869628906
 20
117568.26092529297
 10
105906.03631591797
 20
117562.40948486328
 10
105906.95111083984
 20
117562.51208496094
 10
105907.04107666016
 20
117562.330078125
 10
105908.10009765625
 20
117554.51593017578
 10
105908.64111328125
 20
117550.52508544922
 10
105908.9204711914
 20
117548.65710449219
 10
105909.63409423828
 20
117543.36309814453
 10
105909.69812011719
 20
117542.38610839844
 10
105909.71948242188
 20
117542.23168945312
 10
105909.03692626953
 20
117542.13647460938
 10
105912.86047363281
 20
117491.2626953125
 10
105913.35528564453
 20
117484.24969482422
 10
105914.50708007812
 20
117458.5560913086
 10
105915.94012451172
 20
117457.57849121094
 10
105917.3609008789
 20
117456.56469726562
 10
105920.30291748047
 20
117455.92028808594
 10
105922.94512939453
 20
117456.13311767578
 10
105931.04211425781
 20
117457.45812988281
 10
105933.40612792969
 20
117441.84411621094
 10
105927.76007080078
 20
117439.91510009766
 10
105919.72412109375
 20
117436.35510253906
 10
105919.26007080078
 20
117436.47509765625
 10
105915.71209716797
 20
117432.23413085938
 10
105914.55810546875
 20
117430.22412109375
 10
105915.2230834961
 20
117421.86108398438
 10
105915.94409179688
 20
117410.44012451172
 10
105916.82507324219
 20
117397.60510253906
 10
105917.49908447266
 20
117391.55010986328
 10
105917.8291015625
 20
117384.96807861328
 10
105918.15911865234
 20
117378.38610839844
 10
105918.56567382812
 20
117372.94567871094
 10
105918.64111328125
 20
117371.9360961914
 10
105919.3530883789
 20
117364.11010742188
 10
105919.78912353516
 20
117359.76708984375
 10
105920.06951904297
 20
117356.72448730469
 10
105920.46508789062
 20
117352.45812988281
 10
105920.96728515625
 20
117352.49627685547
 10
105921.55627441406
 20
117346.87829589844
 10
105919.52392578125
 20
117346.44091796875
 10
105919.63409423828
 20
117344.6810913086
 10
105919.7211303711
 20
117343.05810546875
 10
105920.05450439453
 20
117343.0961303711
 10
105920.63012695312
 20
117337.66107177734
 10
105920.75469970703
 20
117336.35430908203
 10
105921.4351196289
 20
117327.228515625
 10
105921.13208007812
 20
117327.19207763672
 10
105921.7041015625
 20
117320.953125
 10
105922.13189697266
 20
117320.99627685547
 10
105922.16412353516
 20
117320.67810058594
 10
105922.3110961914
 20
117315.66711425781
 10
105922.4771118164
 20
117312.23907470703
 10
105922.95007324219
 20
117305.64971923828
 10
105924.3110961914
 20
117305.71307373047
 10
105924.72912597656
 20
117295.30108642578
 10
105925.07049560547
 20
117289.669921875
 10
105924.39709472656
 20
117289.62908935547
 10
105925.1390991211
 20
117279.78509521484
 10
105926.09210205078
 20
117266.54809570312
 10
105929.44207763672
 20
117216.50207519531
 10
105938.86608886719
 20
117214.25848388672
 10
105938.64392089844
 20
117213.32592773438
 10
105938.595703125
 20
117213.13189697266
 10
105937.26568603516
 20
117207.00732421875
 10
105940.46588134766
 20
117206.59887695312
 10
105940.44049072266
 20
117206.40051269531
 10
105940.03228759766
 20
117203.20227050781
 10
105935.16107177734
 20
117203.39709472656
 10
105931.46008300781
 20
117203.54510498047
 10
105931.3471069336
 20
117200.17907714844
 10
105930.67590332031
 20
117200.06829833984
 10
105933.11767578125
 20
117185.13848876953
 10
105933.49230957031
 20
117180.55029296875
 10
105935.6685180664
 20
117170.36511230469
 10
105940.2465209961
 20
117158.74450683594
 10
105943.56072998047
 20
117150.3051147461
 10
105949.00268554688
 20
117136.55792236328
 10
105954.43969726562
 20
117123.3471069336
 10
105959.2474975586
 20
117111.74267578125
 10
105965.20690917969
 20
117097.29290771484
 10
105976.83709716797
 20
117069.48992919922
 10
105978.19647216797
 20
117066.1962890625
 10
105968.54009670891
 20
117062.49689605257
 10
105967.04071037727
 20
117061.92248553935
 10
105966.73379516602
 20
117061.80487060547
 10
105966.89569091797
 20
117061.38067626953
 10
105960.35573227276
 20
117058.88483690802
 10
105955.68450927734
 20
117057.1021118164
 10
105955.52807617188
 20
117057.51190185547
 10
105955.4130859375
 20
117057.8129272461
 10
105948.88472617231
 20
117055.28705359378
 10
105948.51171875
 20
117055.14270019531
 10
105949.27709960938
 20
117053.13708496094
 10
105944.26835349467
 20
117051.19916878578
 10
105937.49169921875
 20
117048.57708740234
 10
105936.58990478516
 20
117050.90771484375
 10
105928.73907470703
 20
117071.09930419922
 10
105925.11511230469
 20
117080.56610107422
 10
105917.86608886719
 20
117099.1381225586
 10
105912.4351196289
 20
117113.12707519531
 10
105911.75390625
 20
117114.86767578125
 10
105907.92608642578
 20
117124.65008544922
 10
105903.2650756836
 20
117138.7880859375
 10
105900.2631225586
 20
117149.48010253906
 10
105899.5435180664
 20
117152.5814819336
 10
105895.82891845703
 20
117155.41607666016
 10
105898.1068725586
 20
117159.236328125
 10
105896.69427490234
 20
117167.81329345703
 10
105894.56909179688
 20
117170.11889648438
 10
105896.21728515625
 20
117172.95849609375
 10
105896.00067138672
 20
117174.61853027344
 10
105895.79168701172
 20
117176.27569580078
 10
105895.58947753906
 20
117177.9296875
 10
105895.39392089844
 20
117179.58032226562
 10
105895.20428466797
 20
117181.22790527344
 10
105895.0200805664
 20
117182.87188720703
 10
105894.84088134766
 20
117184.5126953125
 10
105894.66632080078
 20
117186.14990234375
 10
105894.49572753906
 20
117187.78369140625
 10
105894.32891845703
 20
117189.41369628906
 10
105894.16510009766
 20
117191.04010009766
 10
105894.00390625
 20
117192.66271972656
 10
105893.84552001953
 20
117194.27587890625
 10
105893.68811035156
 20
117195.89288330078
 10
105893.53210449219
 20
117197.5062866211
 10
105893.37689208984
 20
117199.11547851562
 10
105880.91729736328
 20
117328.31951904297
 10
105880.8527530639
 20
117328.66847396069
 10
105880.72899742432
 20
117329.00106987596
 10
105880.54973872575
 20
117329.30734070411
 10
105880.32034837322
 20
117329.57810917967
 10
105880.04769994387
 20
117329.80526184893
 10
105879.73996322333
 20
117329.98199218593
 10
105879.40635940187
 20
117330.10300454685
 10
105879.05688476562
 20
117330.16467285156
 10
105876.80627441406
 20
117330.36328125
 10
105869.3890991211
 20
117330.87707519531
 10
105867.2396850586
 20
117331.07531738281
 10
105868.61608886719
 20
117346.93811035156
 10
105878.1478881836
 20
117346.01568603516
 10
105878.47490429226
 20
117346.01094882771
 10
105878.79832016444
 20
117346.05957135429
 10
105879.10948747928
 20
117346.16025342139
 10
105879.40008544922
 20
117346.31030273438
 10
105877.83312988281
 20
117364.98712158203
 10
105877.33868408203
 20
117371.22149658203
 10
105876.48950195312
 20
117382.44128417969
 10
105875.63269042969
 20
117393.64868164062
 10
105874.56091308594
 20
117404.8803100586
 10
105874.47827148438
 20
117409.68530273438
 10
105871.87268066406
 20
117414.57409667969
 10
105873.01068115234
 20
117424.83532714844
 10
105872.40832519531
 20
117439.962890625
 10
105870.5048828125
 20
117464.33410644531
 10
105870.49188232422
 20
117464.49932861328
 10
105869.94091796875
 20
117464.63330078125
 10
105869.50012207031
 20
117468.89709472656
 10
105869.47747802734
 20
117469.32690429688
 10
105869.5435180664
 20
117469.3305053711
 10
105869.45751953125
 20
117470.89752197266
 10
105870.78967285156
 20
117470.99291992188
 10
105870.03833007812
 20
117479.6870727539
 10
105869.69049072266
 20
117484.67687988281
 10
105869.337890625
 20
117489.66510009766
 10
105869.03192138672
 20
117494.65692138672
 10
105868.71588134766
 20
117499.64672851562
 10
105868.3803100586
 20
117504.63488769531
 10
105868.03588867188
 20
117509.62231445312
 10
105867.65307617188
 20
117514.60827636719
 10
105867.3402709961
 20
117519.59930419922
 10
105866.98168945312
 20
117524.58508300781
 10
105866.72448730469
 20
117527.95471191406
 10
105866.60107421875
 20
117529.57067871094
 10
105866.24230957031
 20
117534.55792236328
 10
105865.87329101562
 20
117539.54412841797
 10
105865.5062866211
 20
117544.53112792969
 10
105865.16027832031
 20
117549.51867675781
 10
105864.75970458984
 20
117554.49932861328
 10
105864.3931274414
 20
117559.4692993164
 10
105863.9859008789
 20
117564.41729736328
 10
105863.38330078125
 20
117569.33630371094
 10
105862.82250976562
 20
117574.2446899414
 10
105862.49267578125
 20
117576.68469238281
 10
105859.28112792969
 20
117576.45208740234
 10
105858.94409179688
 20
117579.23211669922
 10
105858.00372314453
 20
117587.78271484375
 10
105859.20812988281
 20
117587.89947509766
 10
105858.66552734375
 20
117593.89947509766
 10
105857.34387207031
 20
117593.78308105469
 10
105856.44610595703
 20
117601.94812011719
 10
105856.35510253906
 20
117604.74609375
 10
105857.6787109375
 20
117604.7816772461
 10
105858.92309570312
 20
117604.81512451172
 10
105859.84411621094
 20
117605.09411621094
 10
105860.3720703125
 20
117605.61108398438
 10
105860.67510986328
 20
117606.69311523438
 10
105860.15509033203
 20
117609.73510742188
 10
105858.00708007812
 20
117622.73510742188
 10
105856.60809326172
 20
117632.3480834961
 10
105854.42108154297
 20
117644.39709472656
 10
105852.02111816406
 20
117656.10711669922
 10
105849.92907714844
 20
117664.9301147461
 10
105847.78411865234
 20
117674.23510742188
 10
105846.29412841797
 20
117680.51007080078
 10
105844.44128417969
 20
117688.04528808594
 10
105832.69970703125
 20
117688.19268798828
 10
105829.587890625
 20
117688.23309326172
 10
105819.08032226562
 20
117688.44268798828
 10
105818.25811767578
 20
117703.08392333984
 10
105836.22271728516
 20
117702.80627441406
 10
105837.77807617188
 20
117702.86407470703
 10
105839.12109375
 20
117706.45007324219
 10
105836.10510253906
 20
117715.99810791016
 10
105835.95208740234
 20
117716.41711425781
 10
105830.50909423828
 20
117732.80108642578
 10
105826.14611816406
 20
117744.59210205078
 10
105821.578125
 20
117756.50012207031
 10
105818.91912841797
 20
117763.13409423828
 10
105812.37908935547
 20
117778.33709716797
 10
105804.40509033203
 20
117795.7271118164
 10
105799.99310302734
 20
117805.08410644531
 10
105795.58807373047
 20
117814.48712158203
 10
105795.19409179688
 20
117815.47412109375
 10
105794.73309326172
 20
117816.5150756836
 10
105793.0181274414
 20
117820.62310791016
 10
105791.828125
 20
117823.49310302734
 10
105786.1021118164
 20
117836.07312011719
 10
105784.23211669922
 20
117840.2230834961
 10
105779.68408203125
 20
117849.77307128906
 10
105774.57110595703
 20
117860.57012939453
 10
105772.9711303711
 20
117864.09411621094
 10
105765.36212158203
 20
117880.52111816406
 10
105759.4951171875
 20
117892.75408935547
 10
105759.15850830078
 20
117892.95751953125
 10
105751.87890625
 20
117891.56927490234
 10
105745.60748291016
 20
117890.3803100586
 10
105743.30847167969
 20
117901.55187988281
 10
105752.8701171875
 20
117903.38409423828
 10
105753.34112548828
 20
117903.8950805664
 10
105753.09307861328
 20
117904.41711425781
 10
105752.37829589844
 20
117905.94891357422
 10
105749.99212646484
 20
117911.06311035156
 10
105748.89569091797
 20
117913.6109008789
 10
105747.0712890625
 20
117917.85009765625
 10
105745.60913085938
 20
117920.50512695312
 10
105744.19812011719
 20
117923.45111083984
 10
105744.0191040039
 20
117923.7221069336
 10
105742.82452392578
 20
117926.2359008789
 10
105741.09887695312
 20
117929.86730957031
 10
105739.38372802734
 20
117933.42211914062
 10
105737.61407470703
 20
117937.07611083984
 10
105736.03308105469
 20
117940.57611083984
 10
105733.89971923828
 20
117945.12268066406
 10
105732.07409667969
 20
117949.013671875
 10
105731.14910888672
 20
117950.98510742188
 10
105729.69708251953
 20
117954.080078125
 10
105727.81909179688
 20
117957.62109375
 10
105726.17028808594
 20
117961.26147460938
 10
105725.23809814453
 20
117963.31951904297
 10
105725.07348632812
 20
117963.68292236328
 10
105723.75891113281
 20
117966.5855102539
 10
105722.5463256836
 20
117969.26287841797
 10
105721.65808105469
 20
117971.22412109375
 10
105721.46112060547
 20
117971.53112792969
 10
105720.08410644531
 20
117974.38208007812
 10
105719.90808105469
 20
117974.69311523438
 10
105718.09088134766
 20
117978.3687133789
 10
105716.86608886719
 20
117980.8461303711
 10
105716.13311767578
 20
117981.36712646484
 10
105714.13470458984
 20
117981.3383178711
 10
105713.13732910156
 20
117981.32391357422
 10
105712.20928955078
 20
117981.30969238281
 10
105712.15209960938
 20
117985.40490722656
 10
105706.44891357422
 20
117985.3129272461
 10
105706.32690429688
 20
117992.89050292969
 10
105686.78747558594
 20
117992.90051269531
 10
105685.6713256836
 20
117992.89190673828
 10
105661.51550292969
 20
117992.94470214844
 10
105661.52209472656
 20
117996.7880859375
 10
105661.71807861328
 20
118020.63311767578
 10
105668.28430175781
 20
118020.80010986328
 10
105691.14367675781
 20
118021.38208007812
 10
105682.38049316406
 20
118036.2451171875
 10
105678.03430175781
 20
118046.2778930664
 10
105676.7437133789
 20
118047.4970703125
 10
105673.99407958984
 20
118047.24407958984
 10
105671.03527832031
 20
118046.97729492188
 10
105670.87408447266
 20
118048.28588867188
 10
105667.91009521484
 20
118054.62567138672
 10
105667.76007080078
 20
118057.13708496094
 10
105669.28271484375
 20
118057.28112792969
 10
105669.72638174427
 20
118057.35693532744
 10
105670.15376684119
 20
118057.49810564698
 10
105670.55529785156
 20
118057.70147705078
 10
105667.6099243164
 20
118064.27551269531
 10
105665.8355102539
 20
118069.53247070312
 10
105664.29028320312
 20
118074.73132324219
 10
105662.5698852539
 20
118079.82568359375
 10
105661.18872070312
 20
118085.02270507812
 10
105659.36431884766
 20
118095.2982788086
 10
105656.44970703125
 20
118105.01989746094
 10
105654.96868896484
 20
118109.82568359375
 10
105652.1220703125
 20
118119.14270019531
 10
105650.28247070312
 20
118120.71789550781
 10
105659.19207763672
 20
118122.70849609375
 10
105659.22009277344
 20
118122.71447753906
 10
105659.41571044922
 20
118122.75567626953
 10
105665.31329345703
 20
118123.97528076172
 10
105665.62689208984
 20
118124.0394897461
 10
105671.59069824219
 20
118125.27270507812
 10
105672.48229980469
 20
118125.45690917969
 10
105677.00512695312
 20
118126.39172363281
 10
105678.22668457031
 20
118126.64428710938
 10
105683.86047363281
 20
118127.80847167969
 10
105684.47271728516
 20
118127.9351196289
 10
105693.53192138672
 20
118129.80749511719
 10
105694.38189697266
 20
118129.98309326172
 10
105694.0620727539
 20
118131.5302734375
 10
105697.35168457031
 20
118132.21008300781
 10
105698.45989990234
 20
118126.42651367188
  0
TEXT
  5
B2
330
17
100
AcDbEntity
  8
40-ROT-UE
100
AcDbText
 10
105841.8367482268
 20
117612.70236222318
 30
0.0
 40
18.0
  1
UE-06  (17407.8)
 72
1
 11
105841.8367482268
 21
117612.70236222318
 31
0.0
100
AcDbText
 73
2
  0
LWPOLYLINE
  5
B3
330
17
100
AcDbEntity
  8
00-BASE-UE
100
AcDbPolyline
 90
137
 70
1
 10
105404.42987037209
 20
112996.2570792755
 10
105404.43469238281
 20
112996.25567626953
 10
105401.3549194336
 20
112986.50592041016
 10
105400.00610351562
 20
112979.7681274414
 10
105400.35028076172
 20
112975.29248046875
 10
105401.87628173828
 20
112968.71508789062
 10
105404.35510253906
 20
112962.44348144531
 10
105405.66888427734
 20
112959.9771118164
 10
105406.58728027344
 20
112958.39868164062
 10
105408.21752929688
 20
112955.92810058594
 10
105410.47351074219
 20
112952.9887084961
 10
105411.99969482422
 20
112951.24548339844
 10
105414.65887451172
 20
112948.39868164062
 10
105417.14709472656
 20
112945.70129394531
 10
105419.75408935547
 20
112942.87530517578
 10
105421.8480834961
 20
112940.60528564453
 10
105423.57189941406
 20
112938.73669433594
 10
105425.61712646484
 20
112936.51971435547
 10
105427.91290283203
 20
112934.03088378906
 10
105429.53607177734
 20
112932.271484375
 10
105431.41552734375
 20
112930.20129394531
 10
105433.31768798828
 20
112928.10632324219
 10
105434.79412841797
 20
112926.48010253906
 10
105436.69689941406
 20
112924.38409423828
 10
105438.6196899414
 20
112922.08532714844
 10
105439.86328125
 20
112920.48809814453
 10
105441.19592285156
 20
112918.68872070312
 10
105442.51892089844
 20
112916.80267333984
 10
105444.00408935547
 20
112914.55389404297
 10
105445.36889648438
 20
112912.3452758789
 10
105446.31970214844
 20
112910.82391357422
 10
105447.31127929688
 20
112909.23431396484
 10
105448.65850830078
 20
112906.68872070312
 10
105449.8305053711
 20
112903.90850830078
 10
105450.94372558594
 20
112900.8775024414
 10
105452.046875
 20
112897.53771972656
 10
105452.796875
 20
112894.580078125
 10
105453.30529785156
 20
112891.90948486328
 10
105453.62292480469
 20
112889.68127441406
 10
105453.8314819336
 20
112887.61828613281
 10
105453.9771118164
 20
112885.09832763672
 10
105453.99969482422
 20
112882.35327148438
 10
105453.86248779297
 20
112879.35791015625
 10
105453.56872558594
 20
112876.46588134766
 10
105453.1118774414
 20
112873.56408691406
 10
105452.4965209961
 20
112870.69329833984
 10
105451.65307617188
 20
112867.63110351562
 10
105450.3452758789
 20
112863.88330078125
 10
105449.32092285156
 20
112861.44647216797
 10
105448.4642944336
 20
112859.63391113281
 10
105446.9107055664
 20
112856.73028564453
 10
105445.60388183594
 20
112854.57891845703
 10
105443.69232177734
 20
112851.79248046875
 10
105441.98211669922
 20
112849.58569335938
 10
105440.15832519531
 20
112847.47088623047
 10
105438.10607910156
 20
112845.33612060547
 10
105434.88427734375
 20
112842.33569335938
 10
105428.5394897461
 20
112836.79052734375
 10
105422.00372314453
 20
112831.50769042969
 10
105417.72668457031
 20
112828.26770019531
 10
105413.23168945312
 20
112825.0357055664
 10
105408.15252685547
 20
112821.58508300781
 10
105403.91369628906
 20
112818.86108398438
 10
105399.18969726562
 20
112815.98413085938
 10
105395.1694946289
 20
112813.662109375
 10
105390.45227050781
 20
112811.07971191406
 10
105388.83447265625
 20
112810.228515625
 10
105386.9194946289
 20
112809.24267578125
 10
105384.6201171875
 20
112808.09051513672
 10
105383.43927001953
 20
112807.51190185547
 10
105384.00408935547
 20
112803.9301147461
 10
105385.68969726562
 20
112793.2359008789
 10
105385.82250976562
 20
112792.39270019531
 10
105385.30090332031
 20
112789.89331054688
 10
105390.0034790039
 20
112772.27709960938
 10
105391.21569824219
 20
112767.56689453125
 10
105393.6763305664
 20
112757.88928222656
 10
105394.82119750977
 20
112753.40728759766
 10
105357.09149169922
 20
112743.3876953125
 10
105354.45147705078
 20
112753.35852050781
 10
105337.921875
 20
112758.72747802734
 10
105323.8060913086
 20
112763.3125
 10
105324.2142944336
 20
112764.60009765625
 10
105313.50909423828
 20
112768.20208740234
 10
105312.69708251953
 20
112768.44012451172
 10
105312.25909423828
 20
112768.52410888672
 10
105310.94909667969
 20
112768.90509033203
 10
105306.04010009766
 20
112770.42309570312
 10
105305.77447509766
 20
112770.53607177734
 10
105293.35412597656
 20
112774.40612792969
 10
105289.69409179688
 20
112775.59771728516
 10
105287.99108886719
 20
112776.15411376953
 10
105287.02911376953
 20
112776.4771118164
 10
105286.65911865234
 20
112776.61608886719
 10
105281.48809814453
 20
112778.23712158203
 10
105277.35913085938
 20
112779.42010498047
 10
105267.70092773438
 20
112782.60729980469
 10
105258.13452148438
 20
112785.7866821289
 10
105256.50708007812
 20
112784.36450195312
 10
105256.63232421875
 20
112777.5366821289
 10
105236.96789550781
 20
112776.73992919922
 10
105236.48327636719
 20
112792.7026977539
 10
105226.50909423828
 20
112796.02728271484
 10
105210.912109375
 20
112801.09649658203
 10
105202.92352294922
 20
112803.69287109375
 10
105179.7183227539
 20
112811.2349243164
 10
105176.70947265625
 20
112812.2797241211
 10
105146.17150878906
 20
112822.16247558594
 10
105156.6528930664
 20
112854.55047607422
 10
105179.19549560547
 20
112847.22052001953
 10
105180.81408691406
 20
112846.73229980469
 10
105194.70672607422
 20
112842.49487304688
 10
105197.02252197266
 20
112841.7885131836
 10
105203.57830810547
 20
112839.7064819336
 10
105207.20208740234
 20
112840.44812011719
 10
105219.87731933594
 20
112849.62872314453
 10
105238.99011230469
 20
112863.53271484375
 10
105253.63787841797
 20
112873.98950195312
 10
105261.54211425781
 20
112879.65148925781
 10
105261.89630126953
 20
112879.24072265625
 10
105279.53308105469
 20
112891.36828613281
 10
105293.50372314453
 20
112900.56091308594
 10
105299.35772705078
 20
112904.37811279297
 10
105308.16369628906
 20
112909.36169433594
 10
105320.79431152344
 20
112916.44189453125
 10
105332.77868652344
 20
112928.73168945312
 10
105336.07067871094
 20
112941.1723022461
 10
105336.44311523438
 20
112942.23748779297
 10
105339.6801147461
 20
112953.10791015625
 10
105343.55291748047
 20
112965.60827636719
 10
105345.39831542969
 20
112971.61309814453
 10
105347.51788330078
 20
112978.736328125
 10
105350.58251953125
 20
112988.56909179688
 10
105353.01348876953
 20
112996.51647949219
 10
105354.92687988281
 20
113002.81970214844
 10
105357.1284790039
 20
113010.0112915039
 10
105404.42987037209
 20
112996.2570792755
  0
TEXT
  5
B4
330
17
100
AcDbEntity
  8
40-ROT-UE
100
AcDbText
 10
105333.19320118368
 20
112859.9653400923
 30
0.0
 40
18.0
  1
UE-07
 72
1
 11
105333.19320118368
 21
112859.9653400923
 31
0.0
100
AcDbText
 73
2
  0
LWPOLYLINE
  5
B5
330
17
100
AcDbEntity
  8
00-BASE-UE
100
AcDbPolyline
 90
52
 70
1
 10
105695.61889648438
 20
114030.65252685547
 10
105692.96447753906
 20
114011.38232421875
 10
105691.67608642578
 20
114002.0278930664
 10
105691.93530454987
 20
114001.9689673872
 10
105692.18166652667
 20
114001.86910724548
 10
105692.40875443714
 20
114001.73091407472
 10
105692.61065246648
 20
114001.55798791339
 10
105692.78210101566
 20
114001.35483362102
 10
105692.91863371806
 20
114001.12674352326
 10
105693.01669379174
 20
114000.87965954265
 10
105693.07372669633
 20
114000.62001840702
 10
105693.08824668077
 20
114000.3545839677
 10
105693.05987548828
 20
114000.0902709961
 10
105692.9427357306
 20
113999.46356936579
 10
105692.72772482547
 20
113998.8633635953
 10
105692.42028092628
 20
113998.3048343614
 10
105692.0281800437
 20
113997.80210823902
 10
105691.5613393712
 20
113997.36790040543
 10
105691.03156645499
 20
113997.01319304222
 10
105690.45226055213
 20
113996.74695756906
 10
105689.83807373047
 20
113996.57592773438
 10
105688.48413085938
 20
113986.41931152344
 10
105686.91271903814
 20
113988.01167155027
 10
105685.121955036
 20
113989.35260773652
 10
105683.15167236328
 20
113990.41229248047
 10
105664.0458984375
 20
113998.91772460938
 10
105663.21490478516
 20
113996.47607421875
 10
105659.7631225586
 20
113998.08349609375
 10
105656.47088623047
 20
113999.57830810547
 10
105646.76989746094
 20
114003.98248291016
 10
105646.78729248047
 20
114004.0205078125
 10
105647.7681274414
 20
114006.16412353516
 10
105638.93627929688
 20
114010.09552001953
 10
105641.87231445312
 20
114016.8549194336
 10
105643.07427978516
 20
114019.6220703125
 10
105647.70288085938
 20
114029.037109375
 10
105656.4873046875
 20
114025.22131347656
 10
105658.37908935547
 20
114029.35607910156
 10
105659.50970458984
 20
114028.95489501953
 10
105663.52569580078
 20
114027.13391113281
 10
105664.35968017578
 20
114026.80450439453
 10
105671.5869140625
 20
114024.0473022461
 10
105671.74487304688
 20
114023.9296875
 10
105675.3599243164
 20
114023.31048583984
 10
105675.82232666016
 20
114023.38427734375
 10
105678.69927978516
 20
114023.84411621094
 10
105681.20190429688
 20
114025.26647949219
 10
105681.43768310547
 20
114025.4384765625
 10
105684.44348144531
 20
114027.63250732422
 10
105684.88012695312
 20
114029.03088378906
 10
105685.68908691406
 20
114032.80932617188
 10
105695.61889648438
 20
114030.65252685547
  0
TEXT
  5
B6
330
17
100
AcDbEntity
  8
40-ROT-UE
100
AcDbText
 10
105670.54120004711
 20
114011.87420500835
 30
0.0
 40
18.0
  1
UE-08
 72
1
 11
105670.54120004711
 21
114011.87420500835
 31
0.0
100
AcDbText
 73
2
  0
LWPOLYLINE
  5
B7
330
17
100
AcDbEntity
  8
00-BASE-UE
100
AcDbPolyline
 90
74
 70
1
 10
105742.32208251953
 20
114076.67987060547
 10
105743.08911706545
 20
114073.9593558195
 10
105744.27258514377
 20
114071.39246158661
 10
105745.84330331479
 20
114069.04248560323
 10
105747.76253884041
 20
114066.96737652358
 10
105749.98296480469
 20
114065.21830498919
 10
105752.44982716016
 20
114063.83840179897
 10
105755.10229492188
 20
114062.86169433594
 10
105756.87951660156
 20
114062.30767822266
 10
105756.88452148438
 20
114062.3060913086
 10
105761.65335571238
 20
114060.3946020195
 10
105766.13375765631
 20
114057.8803288408
 10
105770.24993104575
 20
114054.80580646738
 10
105773.93224137124
 20
114051.22304749374
 10
105777.11839391172
 20
114047.19266250156
 10
105779.75448759255
 20
114042.78283469287
 10
105781.79592684575
 20
114038.06816641483
 10
105783.20817604622
 20
114033.12841708999
 10
105783.96734376106
 20
114028.04715390284
 10
105784.06058692797
 20
114022.91033806924
 10
105783.486328125
 20
114017.80487060547
 10
105782.38155235689
 20
114013.22575634696
 10
105780.73953846618
 20
114008.81071305467
 10
105778.58363730424
 20
114004.62252644585
 10
105775.94450764202
 20
114000.72075614044
 10
105772.85968017578
 20
113997.16088867188
 10
105775.15393066406
 20
113996.41430664062
 10
105772.2133178711
 20
113987.38067626953
 10
105770.8203125
 20
113983.10168457031
 10
105770.35607910156
 20
113981.67547607422
 10
105769.11767578125
 20
113977.87188720703
 10
105767.57012939453
 20
113973.11749267578
 10
105737.90808105469
 20
113982.77331542969
 10
105727.23440551758
 20
113979.61340332031
 10
105727.66809082031
 20
113996.03228759766
 10
105727.66809082031
 20
113996.04272460938
 10
105727.68347167969
 20
113996.28552246094
 10
105727.87408447266
 20
113999.3286743164
 10
105728.11810302734
 20
114003.53308105469
 10
105729.70383706548
 20
114028.87848409603
 10
105729.70428466797
 20
114028.8862915039
 10
105730.7958984375
 20
114045.12707519531
 10
105730.7963256836
 20
114045.13452148438
 10
105730.80767822266
 20
114045.30450439453
 10
105730.97052001953
 20
114046.80407714844
 10
105731.0546875
 20
114047.55291748047
 10
105731.14093017578
 20
114048.3013305664
 10
105731.22912597656
 20
114049.04888916016
 10
105731.31909179688
 20
114049.79608154297
 10
105731.41131591797
 20
114050.54248046875
 10
105731.50549316406
 20
114051.2885131836
 10
105731.60192871094
 20
114052.03369140625
 10
105731.70031738281
 20
114052.77807617188
 10
105731.80108642578
 20
114053.52209472656
 10
105731.90411376953
 20
114054.26531982422
 10
105732.00927734375
 20
114055.00769042969
 10
105732.11688232422
 20
114055.74951171875
 10
105732.22692871094
 20
114056.49072265625
 10
105732.3392944336
 20
114057.2308959961
 10
105732.4541015625
 20
114057.97052001953
 10
105732.5712890625
 20
114058.70928955078
 10
105732.69128417969
 20
114059.44732666016
 10
105732.81372070312
 20
114060.18469238281
 10
105732.93872070312
 20
114060.92108154297
 10
105733.06628417969
 20
114061.6566772461
 10
105733.1967163086
 20
114062.39129638672
 10
105733.32989501953
 20
114063.12530517578
 10
105733.46569824219
 20
114063.85827636719
 10
105733.60430908203
 20
114064.5902709961
 10
105733.74591064453
 20
114065.32147216797
 10
105733.89031982422
 20
114066.05169677734
 10
105734.03747558594
 20
114066.78088378906
 10
105736.59088134766
 20
114077.58068847656
 10
105742.32208251953
 20
114076.67987060547
  0
TEXT
  5
B8
330
17
100
AcDbEntity
  8
40-ROT-UE
100
AcDbText
 10
105753.35772997695
 20
114021.60582583326
 30
0.0
 40
18.0
  1
UE-08
 72
1
 11
105753.35772997695
 21
114021.60582583326
 31
0.0
100
AcDbText
 73
2
  0
LWPOLYLINE
  5
B9
330
17
100
AcDbEntity
  8
00-BASE-UE
100
AcDbPolyline
 90
5
 70
1
 10
106367.64093017578
 20
112811.30670166016
 10
106329.1196899414
 20
112784.74047851562
 10
106278.64367675781
 20
112841.85809326172
 10
106359.67108154297
 20
112851.15631103516
 10
106367.64093017578
 20
112811.30670166016
  0
TEXT
  5
BA
330
17
100
AcDbEntity
  8
40-ROT-UE
100
AcDbText
 10
106330.04945236201
 20
112823.31916684109
 30
0.0
 40
18.0
  1
UE-09
 72
1
 11
106330.04945236201
 21
112823.31916684109
 31
0.0
100
AcDbText
 73
2
  0
ENDSEC
  0
SECTION
  2
OBJECTS
  0
DICTIONARY
  5
A
330
0
100
AcDbDictionary
281
1
  3
ACAD_COLOR
350
B
  3
ACAD_GROUP
350
C
  3
ACAD_LAYOUT
350
D
  3
ACAD_MATERIAL
350
E
  3
ACAD_MLEADERSTYLE
350
F
  3
ACAD_MLINESTYLE
350
10
  3
ACAD_PLOTSETTINGS
350
11
  3
ACAD_PLOTSTYLENAME
350
12
  3
ACAD_SCALELIST
350
14
  3
ACAD_TABLESTYLE
350
15
  3
ACAD_VISUALSTYLE
350
16
  3
EZDXF_META
350
2D
  0
DICTIONARY
  5
B
330
A
100
AcDbDictionary
281
1
  0
DICTIONARY
  5
C
330
A
100
AcDbDictionary
281
1
  0
DICTIONARY
  5
D
330
A
100
AcDbDictionary
281
1
  3
Model
350
1A
  3
Layout1
350
1E
  0
DICTIONARY
  5
E
330
A
100
AcDbDictionary
281
1
  3
ByBlock
350
1F
  3
ByLayer
350
20
  3
Global
350
21
  0
DICTIONARY
  5
F
330
A
100
AcDbDictionary
281
1
  3
Standard
350
2C
  0
DICTIONARY
  5
10
330
A
100
AcDbDictionary
281
1
  3
Standard
350
22
  0
DICTIONARY
  5
11
330
A
100
AcDbDictionary
281
1
  0
ACDBDICTIONARYWDFLT
  5
12
330
A
100
AcDbDictionary
281
1
  3
Normal
350
13
100
AcDbDictionaryWithDefault
340
13
  0
ACDBPLACEHOLDER
  5
13
330
12
  0
DICTIONARY
  5
14
330
A
100
AcDbDictionary
281
1
  0
DICTIONARY
  5
15
330
A
100
AcDbDictionary
281
1
  0
DICTIONARY
  5
16
330
A
100
AcDbDictionary
281
1
  3
2dWireframe
350
5A
  3
Basic
350
5B
  3
Brighten
350
5C
  3
ColorChange
350
5D
  3
Conceptual
350
5E
  3
Dim
350
5F
  3
EdgeColorOff
350
60
  3
Facepattern
350
61
  3
Flat
350
62
  3
FlatWithEdges
350
63
  3
Gouraud
350
64
  3
GouraudWithEdges
350
65
  3
Hidden
350
66
  3
JitterOff
350
67
  3
Linepattern
350
68
  3
Modeling
350
69
  3
OverhangOff
350
6A
  3
Realistic
350
6B
  3
Shaded
350
6C
  3
Shaded with edges
350
6D
  3
Shades of Gray
350
6E
  3
Sketchy
350
6F
  3
Thicken
350
70
  3
Wireframe
350
71
  3
X-Ray
350
72
  0
LAYOUT
  5
1A
330
D
100
AcDbPlotSettings
  1

  4
A3
  6

 40
7.5
 41
20.0
 42
7.5
 43
20.0
 44
420.0
 45
297.0
 46
0.0
 47
0.0
 48
0.0
 49
0.0
140
0.0
141
0.0
142
1.0
143
1.0
 70
1024
 72
1
 73
0
 74
5
  7

 75
16
 76
0
 77
2
 78
300
147
1.0
148
0.0
149
0.0
100
AcDbLayout
  1
Model
 70
1
 71
0
 10
0.0
 20
0.0
 11
420.0
 21
297.0
 12
0.0
 22
0.0
 32
0.0
 14
1e+20
 24
1e+20
 34
1e+20
 15
-1e+20
 25
-1e+20
 35
-1e+20
146
0.0
 13
0.0
 23
0.0
 33
0.0
 16
1.0
 26
0.0
 36
0.0
 17
0.0
 27
1.0
 37
0.0
 76
1
330
17
  0
LAYOUT
  5
1E
330
D
100
AcDbPlotSettings
  1

  4
A3
  6

 40
7.5
 41
20.0
 42
7.5
 43
20.0
 44
420.0
 45
297.0
 46
0.0
 47
0.0
 48
0.0
 49
0.0
140
0.0
141
0.0
142
1.0
143
1.0
 70
0
 72
1
 73
0
 74
5
  7

 75
16
 76
0
 77
2
 78
300
147
1.0
148
0.0
149
0.0
100
AcDbLayout
  1
Layout1
 70
1
 71
1
 10
0.0
 20
0.0
 11
420.0
 21
297.0
 12
0.0
 22
0.0
 32
0.0
 14
1e+20
 24
1e+20
 34
1e+20
 15
-1e+20
 25
-1e+20
 35
-1e+20
146
0.0
 13
0.0
 23
0.0
 33
0.0
 16
1.0
 26
0.0
 36
0.0
 17
0.0
 27
1.0
 37
0.0
 76
1
330
1B
  0
MATERIAL
  5
1F
102
{ACAD_REACTORS
330
E
102
}
330
E
100
AcDbMaterial
  1
ByBlock
  2

 70
0
 40
1.0
 71
1
 41
1.0
 91
-1023410177
 42
1.0
 72
1
  3

 73
1
 74
1
 75
1
 44
0.5
 73
0
 45
1.0
 46
1.0
 77
1
  4

 78
1
 79
1
170
1
 48
1.0
171
1
  6

172
1
173
1
174
1
140
1.0
141
1.0
175
1
  7

176
1
177
1
178
1
143
1.0
179
1
  8

270
1
271
1
272
1
145
1.0
146
1.0
273
1
  9

274
1
275
1
276
1
 42
1.0
 72
1
  3

 73
1
 74
1
 75
1
 94
63
  0
MATERIAL
  5
20
102
{ACAD_REACTORS
330
E
102
}
330
E
100
AcDbMaterial
  1
ByLayer
  2

 70
0
 40
1.0
 71
1
 41
1.0
 91
-1023410177
 42
1.0
 72
1
  3

 73
1
 74
1
 75
1
 44
0.5
 73
0
 45
1.0
 46
1.0
 77
1
  4

 78
1
 79
1
170
1
 48
1.0
171
1
  6

172
1
173
1
174
1
140
1.0
141
1.0
175
1
  7

176
1
177
1
178
1
143
1.0
179
1
  8

270
1
271
1
272
1
145
1.0
146
1.0
273
1
  9

274
1
275
1
276
1
 42
1.0
 72
1
  3

 73
1
 74
1
 75
1
 94
63
  0
MATERIAL
  5
21
102
{ACAD_REACTORS
330
E
102
}
330
E
100
AcDbMaterial
  1
Global
  2

 70
0
 40
1.0
 71
1
 41
1.0
 91
-1023410177
 42
1.0
 72
1
  3

 73
1
 74
1
 75
1
 44
0.5
 73
0
 45
1.0
 46
1.0
 77
1
  4

 78
1
 79
1
170
1
 48
1.0
171
1
  6

172
1
173
1
174
1
140
1.0
141
1.0
175
1
  7

176
1
177
1
178
1
143
1.0
179
1
  8

270
1
271
1
272
1
145
1.0
146
1.0
273
1
  9

274
1
275
1
276
1
 42
1.0
 72
1
  3

 73
1
 74
1
 75
1
 94
63
  0
MLINESTYLE
  5
22
102
{ACAD_REACTORS
330
10
102
}
330
10
100
AcDbMlineStyle
  2
Standard
 70
0
  3

 62
256
 51
90.0
 52
90.0
 71
2
 49
0.5
 62
256
  6
BYLAYER
 49
-0.5
 62
256
  6
BYLAYER
  0
MLEADERSTYLE
  5
2C
102
{ACAD_REACTORS
330
F
102
}
330
F
100
AcDbMLeaderStyle
179
2
170
2
171
1
172
0
 90
2
 40
0.0
 41
0.0
173
1
 91
-1056964608
 92
-2
290
1
 42
2.0
291
1
 43
8.0
  3
Standard
 44
4.0
300

342
29
174
1
175
1
176
0
178
1
 93
-1056964608
 45
4.0
292
0
297
0
 46
4.0
 94
-1056964608
 47
1.0
 49
1.0
140
1.0
294
1
141
0.0
177
0
142
1.0
295
0
296
0
143
3.75
271
0
272
9
273
9
  0
DICTIONARY
  5
2D
330
A
100
AcDbDictionary
280
1
281
1
  3
CREATED_BY_EZDXF
350
2E
  3
WRITTEN_BY_EZDXF
350
A6
  0
DICTIONARYVAR
  5
2E
330
2D
100
DictionaryVariables
280
0
  1
1.4.4 @ 2026-07-19T22:52:40.754369+00:00
  0
VISUALSTYLE
  5
5A
102
{ACAD_REACTORS
330
16
102
}
330
16
100
AcDbVisualStyle
  2
2dWireframe
 70
4
 90
0
 40
0.6
 62
7
290
0
291
0
  0
VISUALSTYLE
  5
5B
102
{ACAD_REACTORS
330
16
102
}
330
16
100
AcDbVisualStyle
  2
Basic
 70
7
 90
1
 40
0.6
 62
7
290
0
291
1
  0
VISUALSTYLE
  5
5C
102
{ACAD_REACTORS
330
16
102
}
330
16
100
AcDbVisualStyle
  2
Brighten
 70
12
 90
2
 40
0.6
 62
7
290
0
291
1
  0
VISUALSTYLE
  5
5D
102
{ACAD_REACTORS
330
16
102
}
330
16
100
AcDbVisualStyle
  2
ColorChange
 70
16
 90
2
 40
0.6
 62
8
290
0
291
1
  0
VISUALSTYLE
  5
5E
102
{ACAD_REACTORS
330
16
102
}
330
16
100
AcDbVisualStyle
  2
Conceptual
 70
9
 90
3
 40
0.6
 62
7
290
0
291
0
  0
VISUALSTYLE
  5
5F
102
{ACAD_REACTORS
330
16
102
}
330
16
100
AcDbVisualStyle
  2
Dim
 70
11
 90
2
 40
0.6
 62
7
290
0
291
1
  0
VISUALSTYLE
  5
60
102
{ACAD_REACTORS
330
16
102
}
330
16
100
AcDbVisualStyle
  2
EdgeColorOff
 70
22
 90
2
 40
0.6
 62
7
290
0
291
1
  0
VISUALSTYLE
  5
61
102
{ACAD_REACTORS
330
16
102
}
330
16
100
AcDbVisualStyle
  2
Facepattern
 70
15
 90
2
 40
0.6
 62
7
290
0
291
1
  0
VISUALSTYLE
  5
62
102
{ACAD_REACTORS
330
16
102
}
330
16
100
AcDbVisualStyle
  2
Flat
 70
0
 90
2
 40
0.6
 62
7
290
0
291
1
  0
VISUALSTYLE
  5
63
102
{ACAD_REACTORS
330
16
102
}
330
16
100
AcDbVisualStyle
  2
FlatWithEdges
 70
1
 90
2
 40
0.6
 62
7
290
0
291
1
  0
VISUALSTYLE
  5
64
102
{ACAD_REACTORS
330
16
102
}
330
16
100
AcDbVisualStyle
  2
Gouraud
 70
2
 90
2
 40
0.6
 62
7
290
0
291
1
  0
VISUALSTYLE
  5
65
102
{ACAD_REACTORS
330
16
102
}
330
16
100
AcDbVisualStyle
  2
GouraudWithEdges
 70
3
 90
2
 40
0.6
 62
7
290
0
291
1
  0
VISUALSTYLE
  5
66
102
{ACAD_REACTORS
330
16
102
}
330
16
100
AcDbVisualStyle
  2
Hidden
 70
6
 90
1
 40
0.6
 62
7
290
0
291
0
  0
VISUALSTYLE
  5
67
102
{ACAD_REACTORS
330
16
102
}
330
16
100
AcDbVisualStyle
  2
JitterOff
 70
20
 90
2
 40
0.6
 62
7
290
0
291
1
  0
VISUALSTYLE
  5
68
102
{ACAD_REACTORS
330
16
102
}
330
16
100
AcDbVisualStyle
  2
Linepattern
 70
14
 90
2
 40
0.6
 62
7
290
0
291
1
  0
VISUALSTYLE
  5
69
102
{ACAD_REACTORS
330
16
102
}
330
16
100
AcDbVisualStyle
  2
Modeling
 70
10
 90
2
 40
0.6
 62
7
290
0
291
0
  0
VISUALSTYLE
  5
6A
102
{ACAD_REACTORS
330
16
102
}
330
16
100
AcDbVisualStyle
  2
OverhangOff
 70
21
 90
2
 40
0.6
 62
7
290
0
291
1
  0
VISUALSTYLE
  5
6B
102
{ACAD_REACTORS
330
16
102
}
330
16
100
AcDbVisualStyle
  2
Realistic
 70
8
 90
2
 40
0.6
 62
7
290
0
291
0
  0
VISUALSTYLE
  5
6C
102
{ACAD_REACTORS
330
16
102
}
330
16
100
AcDbVisualStyle
  2
Shaded
 70
27
 90
2
 40
0.6
 62
7
290
0
291
0
  0
VISUALSTYLE
  5
6D
102
{ACAD_REACTORS
330
16
102
}
330
16
100
AcDbVisualStyle
  2
Shaded with edges
 70
26
 90
2
 40
0.6
 62
7
290
0
291
0
  0
VISUALSTYLE
  5
6E
102
{ACAD_REACTORS
330
16
102
}
330
16
100
AcDbVisualStyle
  2
Shades of Gray
 70
23
 90
2
 40
0.6
 62
7
290
0
291
0
  0
VISUALSTYLE
  5
6F
102
{ACAD_REACTORS
330
16
102
}
330
16
100
AcDbVisualStyle
  2
Sketchy
 70
24
 90
1
 40
0.6
 62
7
290
0
291
0
  0
VISUALSTYLE
  5
70
102
{ACAD_REACTORS
330
16
102
}
330
16
100
AcDbVisualStyle
  2
Thicken
 70
13
 90
2
 40
0.6
 62
7
290
0
291
1
  0
VISUALSTYLE
  5
71
102
{ACAD_REACTORS
330
16
102
}
330
16
100
AcDbVisualStyle
  2
Wireframe
 70
5
 90
0
 40
0.6
 62
7
290
0
291
0
  0
VISUALSTYLE
  5
72
102
{ACAD_REACTORS
330
16
102
}
330
16
100
AcDbVisualStyle
  2
X-Ray
 70
25
 90
2
 40
0.5
 62
7
290
0
291
0
  0
DICTIONARYVAR
  5
A6
330
2D
100
DictionaryVariables
280
0
  1
1.4.4 @ 2026-09-03T19:43:12.352920+00:00
  0
ENDSEC
  0
EOF
